"ppvt","cav","assign","treat","childgen","testtyp","childethnic","flunch"
43,-242,0,0,"male","PPVT","Other","free lunch"
81,224,1,1,"female","PPVT","White","no free lunch"
27,-84,0,0,"female","TVIP","Hispanic","free lunch"
26,-126,0,0,"male","PPVT","Black","free lunch"
76,74,1,1,"female","PPVT","Hispanic","missing"
79,76,1,1,"female","PPVT","Missing","free lunch"
53,-274,0,0,"female","PPVT","Black","free lunch"
64,-150,0,0,"male","PPVT","Black","no free lunch"
68,56,1,1,"female","PPVT","White","free lunch"
67,95,1,1,"female","PPVT","Black","no free lunch"
64,8,1,0,"female","PPVT","Hispanic","free lunch"
75,3,1,1,"male","PPVT","Hispanic","free lunch"
62,24,1,1,"male","PPVT","Black","no free lunch"
83,41,1,0,"male","PPVT","White","free lunch"
57,268,1,1,"male","PPVT","Black","free lunch"
59,240,1,1,"female","PPVT","Missing","free lunch"
63,-284,0,0,"male","PPVT","Black","free lunch"
64,148,1,1,"male","PPVT","Black","free lunch"
87,289,1,1,"female","PPVT","Hispanic","missing"
68,-161,0,0,"male","PPVT","Black","no free lunch"
45,-199,0,0,"female","TVIP","Hispanic","free lunch"
53,-354,0,0,"male","PPVT","Black","missing"
65,-271,0,0,"male","PPVT","White","free lunch"
65,-297,0,0,"male","PPVT","Black","free lunch"
59,-192,0,0,"female","PPVT","Other","free lunch"
66,212,1,1,"male","TVIP","Hispanic","free lunch"
71,72,1,1,"male","PPVT","Black","free lunch"
71,298,1,1,"male","PPVT","Black","no free lunch"
46,44,1,1,"female","PPVT","Black","free lunch"
60,186,1,1,"male","PPVT","Black","free lunch"
64,-89,0,0,"female","PPVT","Black","free lunch"
64,-93,0,0,"female","PPVT","Other","free lunch"
40,-241,0,0,"female","TVIP","Hispanic","no free lunch"
55,-35,0,0,"male","PPVT","Missing","free lunch"
44,-177,0,0,"male","PPVT","Hispanic","free lunch"
48,-120,0,0,"female","TVIP","Hispanic","free lunch"
82,284,1,0,"female","PPVT","Hispanic","missing"
68,-218,0,0,"male","PPVT","Hispanic","no free lunch"
72,57,1,1,"female","PPVT","Hispanic","free lunch"
75,-214,0,0,"male","PPVT","Black","free lunch"
57,-160,0,0,"male","PPVT","Missing","no free lunch"
71,208,1,1,"female","PPVT","Hispanic","free lunch"
54,-239,0,0,"female","PPVT","Hispanic","free lunch"
65,51,1,1,"male","PPVT","Hispanic","free lunch"
66,-59,0,0,"female","PPVT","Hispanic","free lunch"
60,-170,0,0,"female","PPVT","Hispanic","free lunch"
69,-330,0,0,"male","PPVT","Missing","missing"
33,-290,0,0,"female","PPVT","White","free lunch"
48,-136,0,0,"male","TVIP","Hispanic","free lunch"
76,219,1,1,"male","PPVT","Missing","free lunch"
57,-198,0,0,"male","PPVT","Missing","free lunch"
50,-210,0,0,"female","PPVT","Other","free lunch"
60,274,1,1,"male","PPVT","Hispanic","free lunch"
77,359,1,1,"female","PPVT","Missing","free lunch"
87,250,1,1,"female","PPVT","Hispanic","missing"
73,299,1,1,"female","PPVT","Hispanic","missing"
71,-21,0,0,"male","PPVT","White","no free lunch"
19,-201,0,0,"female","TVIP","Hispanic","free lunch"
38,-272,0,0,"male","PPVT","Hispanic","no free lunch"
53,-161,0,0,"male","PPVT","Black","no free lunch"
46,230,1,1,"female","PPVT","Missing","free lunch"
32,-323,0,0,"female","PPVT","Hispanic","missing"
73,220,1,1,"female","PPVT","White","free lunch"
51,-289,0,0,"male","PPVT","Missing","free lunch"
70,194,1,1,"male","PPVT","Black","free lunch"
79,-143,0,0,"female","PPVT","Black","no free lunch"
71,196,1,1,"female","PPVT","White","free lunch"
50,29,1,1,"male","TVIP","Hispanic","missing"
52,-101,0,0,"female","PPVT","Hispanic","free lunch"
72,-298,0,0,"female","PPVT","White","no free lunch"
55,189,1,1,"male","PPVT","Hispanic","free lunch"
62,190,1,1,"male","PPVT","Black","free lunch"
80,293,1,1,"male","PPVT","Black","no free lunch"
59,339,1,1,"male","PPVT","Hispanic","free lunch"
39,11,1,1,"female","TVIP","Hispanic","free lunch"
69,36,1,0,"female","TVIP","Hispanic","free lunch"
20,-246,0,0,"male","PPVT","Hispanic","no free lunch"
24,-245,0,0,"male","TVIP","Hispanic","free lunch"
85,208,1,1,"female","PPVT","Black","no free lunch"
65,183,1,1,"female","PPVT","Black","missing"
73,207,1,1,"female","PPVT","Black","no free lunch"
33,112,1,1,"female","TVIP","Hispanic","free lunch"
73,-89,0,0,"male","PPVT","Missing","no free lunch"
51,-359,0,0,"female","PPVT","Black","no free lunch"
69,331,1,1,"male","PPVT","Missing","missing"
82,246,1,1,"male","PPVT","Hispanic","no free lunch"
29,-209,0,0,"male","PPVT","Black","free lunch"
70,-4,0,0,"male","PPVT","White","no free lunch"
74,99,1,1,"male","PPVT","Black","missing"
40,306,1,1,"female","PPVT","Hispanic","free lunch"
55,-356,0,0,"female","PPVT","Missing","missing"
51,-170,0,0,"female","PPVT","White","free lunch"
44,-47,0,0,"female","PPVT","Hispanic","no free lunch"
73,240,1,1,"male","PPVT","Black","free lunch"
75,270,1,1,"female","PPVT","Missing","free lunch"
42,-182,0,0,"female","PPVT","Other","free lunch"
55,-129,0,0,"male","PPVT","Missing","no free lunch"
42,-142,0,0,"male","PPVT","Hispanic","free lunch"
47,-231,0,0,"male","PPVT","Black","no free lunch"
72,131,1,1,"female","PPVT","Other","free lunch"
71,194,1,1,"female","PPVT","Black","missing"
74,132,1,1,"female","PPVT","Hispanic","free lunch"
51,-213,0,0,"female","PPVT","White","free lunch"
73,154,1,1,"female","PPVT","Hispanic","no free lunch"
53,76,1,1,"male","PPVT","Black","no free lunch"
50,-117,0,0,"male","PPVT","Missing","free lunch"
30,-335,0,0,"male","PPVT","Missing","free lunch"
27,-72,0,0,"male","TVIP","Hispanic","missing"
65,-307,0,0,"male","PPVT","Other","free lunch"
85,-137,0,0,"male","PPVT","White","no free lunch"
42,-128,0,1,"female","PPVT","Hispanic","free lunch"
41,-308,0,0,"female","TVIP","Hispanic","free lunch"
39,-255,0,0,"female","PPVT","Hispanic","free lunch"
39,-254,0,0,"female","PPVT","Hispanic","free lunch"
72,301,1,1,"male","PPVT","White","missing"
87,147,1,0,"male","PPVT","Hispanic","no free lunch"
70,233,1,1,"male","PPVT","Black","missing"
72,120,1,1,"female","PPVT","Hispanic","missing"
50,-207,0,0,"male","PPVT","Missing","no free lunch"
61,-27,0,0,"male","PPVT","Hispanic","free lunch"
65,158,1,1,"female","PPVT","White","free lunch"
66,234,1,1,"female","PPVT","Hispanic","free lunch"
65,233,1,1,"male","TVIP","Hispanic","free lunch"
52,-219,0,0,"female","PPVT","Black","free lunch"
80,73,1,1,"female","PPVT","Missing","no free lunch"
62,-52,0,0,"female","PPVT","Hispanic","missing"
66,100,1,1,"male","PPVT","Black","no free lunch"
44,-59,0,0,"female","TVIP","Hispanic","free lunch"
93,276,1,1,"male","PPVT","Black","missing"
50,-131,0,0,"female","PPVT","White","free lunch"
42,-135,0,0,"male","TVIP","Hispanic","missing"
76,-5,0,0,"male","PPVT","Missing","no free lunch"
73,-119,0,0,"female","PPVT","White","free lunch"
51,-203,0,0,"female","PPVT","Hispanic","free lunch"
74,240,1,1,"female","PPVT","Hispanic","missing"
47,28,1,0,"male","TVIP","Hispanic","free lunch"
30,-293,0,0,"female","TVIP","Hispanic","free lunch"
43,-285,0,0,"female","PPVT","Black","free lunch"
58,53,1,1,"female","TVIP","Black","free lunch"
69,27,1,1,"female","PPVT","Missing","missing"
78,-10,0,0,"female","PPVT","Hispanic","free lunch"
85,-132,0,0,"male","PPVT","Missing","free lunch"
70,131,1,1,"female","PPVT","Hispanic","missing"
60,263,1,1,"male","PPVT","Hispanic","no free lunch"
72,253,1,1,"male","PPVT","Hispanic","free lunch"
63,-170,0,0,"male","PPVT","Black","free lunch"
65,76,1,1,"male","PPVT","Hispanic","no free lunch"
83,241,1,1,"male","PPVT","Black","missing"
64,66,1,1,"male","PPVT","Hispanic","no free lunch"
48,-220,0,0,"male","PPVT","Hispanic","missing"
93,198,1,1,"male","PPVT","Other","free lunch"
39,-274,0,0,"male","PPVT","Hispanic","free lunch"
86,283,1,1,"male","PPVT","Black","free lunch"
61,-139,0,0,"female","PPVT","Missing","free lunch"
70,108,1,1,"male","PPVT","Other","no free lunch"
52,-174,0,0,"male","PPVT","Hispanic","free lunch"
38,-247,0,0,"female","TVIP","Hispanic","free lunch"
44,-288,0,0,"male","PPVT","Missing","free lunch"
85,-46,0,0,"male","PPVT","White","missing"
14,-337,0,0,"male","TVIP","Hispanic","missing"
110,334,1,1,"male","PPVT","White","free lunch"
61,5,1,1,"female","PPVT","Hispanic","free lunch"
42,-101,0,0,"female","TVIP","Hispanic","free lunch"
57,276,1,1,"male","PPVT","Missing","free lunch"
68,185,1,1,"male","PPVT","Black","no free lunch"
84,189,1,1,"male","PPVT","Black","free lunch"
78,284,1,1,"male","PPVT","Missing","free lunch"
54,-234,0,0,"male","PPVT","Missing","free lunch"
63,208,1,1,"female","PPVT","Other","free lunch"
38,34,1,1,"male","TVIP","Hispanic","free lunch"
39,-2,0,0,"female","TVIP","Hispanic","free lunch"
67,-286,0,0,"male","PPVT","Missing","free lunch"
46,63,1,0,"female","PPVT","Hispanic","missing"
74,289,1,1,"male","PPVT","Hispanic","free lunch"
57,-228,0,0,"female","PPVT","White","no free lunch"
41,21,1,1,"male","TVIP","Hispanic","free lunch"
55,123,1,1,"male","PPVT","Black","free lunch"
57,206,1,1,"female","TVIP","Hispanic","free lunch"
56,-228,0,0,"male","PPVT","Hispanic","free lunch"
81,48,1,1,"male","PPVT","Missing","no free lunch"
59,-222,0,0,"female","PPVT","Black","no free lunch"
54,-141,0,0,"female","PPVT","Hispanic","free lunch"
58,-248,0,0,"male","PPVT","Black","free lunch"
58,-293,0,0,"male","PPVT","Hispanic","missing"
55,-177,0,0,"male","PPVT","Hispanic","no free lunch"
62,-116,0,0,"male","PPVT","Hispanic","no free lunch"
43,258,1,1,"male","TVIP","Hispanic","free lunch"
67,-275,0,0,"male","PPVT","Black","free lunch"
56,-111,0,0,"male","TVIP","Black","no free lunch"
59,-129,0,0,"female","PPVT","Hispanic","free lunch"
55,-21,0,0,"female","TVIP","Hispanic","free lunch"
66,256,1,1,"male","TVIP","Hispanic","free lunch"
65,-130,0,0,"female","PPVT","Missing","free lunch"
48,42,1,1,"female","TVIP","Hispanic","free lunch"
74,149,1,1,"male","PPVT","Black","no free lunch"
60,-80,0,0,"male","PPVT","Hispanic","free lunch"
56,236,1,1,"male","TVIP","Hispanic","free lunch"
66,296,1,1,"female","PPVT","Other","free lunch"
79,-61,0,0,"male","PPVT","Missing","missing"
74,-162,0,0,"male","PPVT","Hispanic","missing"
48,168,1,1,"female","TVIP","Hispanic","free lunch"
72,262,1,1,"male","PPVT","Black","missing"
54,-115,0,1,"male","PPVT","Missing","free lunch"
60,-6,0,0,"male","PPVT","White","no free lunch"
49,257,1,1,"female","PPVT","Black","free lunch"
54,-83,0,0,"female","PPVT","Hispanic","free lunch"
84,165,1,1,"female","PPVT","Other","free lunch"
54,134,1,1,"female","PPVT","Other","free lunch"
75,251,1,1,"male","PPVT","Hispanic","free lunch"
61,-341,0,0,"male","PPVT","White","no free lunch"
75,166,1,0,"female","PPVT","Black","no free lunch"
75,-18,0,0,"female","PPVT","White","no free lunch"
73,59,1,1,"female","PPVT","Hispanic","free lunch"
17,-214,0,0,"female","TVIP","Hispanic","free lunch"
56,-344,0,0,"male","PPVT","Hispanic","free lunch"
81,345,1,1,"female","PPVT","Missing","free lunch"
66,-185,0,0,"female","PPVT","Hispanic","no free lunch"
44,-278,0,0,"female","TVIP","Hispanic","free lunch"
52,134,1,1,"female","PPVT","Hispanic","missing"
89,170,1,1,"female","PPVT","White","free lunch"
42,-131,0,0,"female","PPVT","Black","free lunch"
63,226,1,1,"male","PPVT","Hispanic","free lunch"
69,-81,0,0,"male","PPVT","Other","no free lunch"
57,70,1,1,"male","PPVT","Hispanic","no free lunch"
55,-117,0,0,"male","PPVT","Black","free lunch"
81,158,1,1,"male","PPVT","Hispanic","free lunch"
93,326,1,1,"male","PPVT","Black","free lunch"
43,-306,0,0,"female","PPVT","Hispanic","free lunch"
30,-193,0,0,"male","TVIP","Hispanic","free lunch"
40,-101,0,0,"female","TVIP","Hispanic","missing"
69,-128,0,0,"female","PPVT","Missing","free lunch"
33,-61,0,0,"male","PPVT","Black","missing"
58,4,1,1,"male","PPVT","Hispanic","free lunch"
66,85,1,1,"male","PPVT","Black","missing"
33,62,1,1,"female","TVIP","Hispanic","free lunch"
88,291,1,1,"male","PPVT","White","free lunch"
49,54,1,1,"male","TVIP","Hispanic","free lunch"
81,-137,0,0,"male","PPVT","Missing","no free lunch"
82,-15,0,0,"male","PPVT","Missing","free lunch"
31,69,1,1,"male","TVIP","Hispanic","missing"
30,-316,0,0,"male","TVIP","Other","free lunch"
73,171,1,1,"female","PPVT","Hispanic","missing"
64,104,1,1,"female","PPVT","Black","missing"
61,-316,0,0,"male","PPVT","Missing","missing"
63,143,1,1,"male","PPVT","Hispanic","free lunch"
35,-110,0,0,"female","TVIP","Hispanic","free lunch"
34,-136,0,0,"female","TVIP","Hispanic","free lunch"
59,351,1,1,"female","TVIP","Hispanic","free lunch"
61,182,1,1,"female","PPVT","Hispanic","no free lunch"
52,149,1,1,"male","PPVT","Black","no free lunch"
88,-203,0,0,"female","PPVT","White","free lunch"
63,-179,0,0,"male","PPVT","Black","free lunch"
75,109,1,0,"male","PPVT","Hispanic","free lunch"
79,85,1,1,"female","PPVT","Hispanic","free lunch"
46,-180,0,0,"male","TVIP","Hispanic","free lunch"
37,13,1,1,"male","TVIP","Hispanic","free lunch"
67,-334,0,0,"male","PPVT","White","missing"
102,-22,0,0,"male","PPVT","White","no free lunch"
98,274,1,1,"female","PPVT","White","free lunch"
82,327,1,1,"female","PPVT","Black","free lunch"
83,186,1,1,"male","PPVT","Missing","no free lunch"
56,310,1,1,"male","PPVT","Hispanic","free lunch"
42,41,1,0,"male","PPVT","Hispanic","free lunch"
77,87,1,1,"male","PPVT","Black","no free lunch"
67,315,1,1,"female","PPVT","Other","free lunch"
68,124,1,1,"male","PPVT","Hispanic","missing"
32,-328,0,0,"female","TVIP","Hispanic","free lunch"
71,-236,0,0,"male","PPVT","Missing","no free lunch"
70,37,1,1,"female","PPVT","Hispanic","free lunch"
29,-218,0,0,"male","TVIP","Hispanic","free lunch"
47,-359,0,0,"male","PPVT","Missing","free lunch"
81,162,1,1,"male","PPVT","Missing","missing"
64,310,1,1,"female","PPVT","Missing","missing"
80,310,1,1,"male","PPVT","Hispanic","missing"
56,-227,0,0,"female","PPVT","Black","no free lunch"
69,-107,0,0,"female","PPVT","White","free lunch"
29,-295,0,0,"female","PPVT","Hispanic","free lunch"
60,-309,0,0,"male","PPVT","Black","no free lunch"
63,-226,0,0,"female","PPVT","Missing","free lunch"
60,-172,0,0,"male","PPVT","Hispanic","missing"
36,-276,0,0,"female","PPVT","Black","free lunch"
48,-359,0,0,"male","PPVT","Hispanic","no free lunch"
61,-348,0,0,"female","PPVT","Hispanic","free lunch"
54,-78,0,0,"male","PPVT","Hispanic","missing"
62,-248,0,0,"female","PPVT","Hispanic","free lunch"
34,-96,0,0,"female","TVIP","Hispanic","free lunch"
21,-44,0,0,"female","TVIP","Hispanic","free lunch"
74,362,1,1,"male","PPVT","Black","free lunch"
80,232,1,1,"female","PPVT","White","free lunch"
79,133,1,1,"male","PPVT","White","free lunch"
72,115,1,1,"male","PPVT","Black","no free lunch"
66,73,1,1,"male","PPVT","Hispanic","free lunch"
45,-287,0,0,"female","PPVT","Missing","free lunch"
98,100,1,1,"male","PPVT","White","no free lunch"
45,-175,0,0,"female","PPVT","Hispanic","free lunch"
102,59,1,1,"male","PPVT","White","missing"
87,344,1,1,"female","PPVT","Black","free lunch"
74,247,1,1,"female","PPVT","Hispanic","no free lunch"
53,116,1,1,"male","TVIP","Other","free lunch"
68,-72,0,0,"female","PPVT","White","free lunch"
75,-293,0,0,"female","PPVT","White","no free lunch"
76,-132,0,0,"male","PPVT","Hispanic","no free lunch"
54,361,1,1,"male","TVIP","Hispanic","free lunch"
56,164,1,1,"male","PPVT","Hispanic","missing"
73,136,1,1,"male","PPVT","Hispanic","free lunch"
85,94,1,1,"male","PPVT","Other","no free lunch"
80,221,1,0,"female","PPVT","White","no free lunch"
65,31,1,1,"female","PPVT","Hispanic","free lunch"
56,263,1,1,"female","PPVT","Hispanic","free lunch"
56,352,1,1,"male","PPVT","Black","no free lunch"
77,65,1,1,"male","PPVT","Other","no free lunch"
7,-324,0,0,"female","TVIP","Hispanic","free lunch"
61,19,1,1,"male","PPVT","Missing","free lunch"
51,86,1,1,"male","TVIP","Hispanic","free lunch"
57,-247,0,0,"female","PPVT","Hispanic","no free lunch"
42,321,1,1,"female","TVIP","Hispanic","free lunch"
62,-296,0,0,"female","PPVT","White","free lunch"
42,226,1,1,"male","TVIP","Hispanic","free lunch"
55,359,1,1,"male","PPVT","Missing","missing"
80,105,1,1,"female","PPVT","Hispanic","free lunch"
23,-181,0,0,"female","TVIP","Hispanic","free lunch"
45,-214,0,0,"male","PPVT","Hispanic","free lunch"
68,232,1,1,"male","PPVT","Hispanic","free lunch"
62,-167,0,0,"female","PPVT","Black","free lunch"
66,242,1,1,"female","PPVT","Hispanic","free lunch"
67,29,1,1,"male","PPVT","Missing","free lunch"
85,325,1,1,"male","PPVT","Missing","free lunch"
63,234,1,1,"male","PPVT","Missing","free lunch"
66,340,1,1,"female","PPVT","Hispanic","free lunch"
98,309,1,1,"male","PPVT","Missing","free lunch"
34,188,1,1,"female","TVIP","Hispanic","free lunch"
76,3,1,1,"male","PPVT","Black","free lunch"
70,283,1,1,"male","PPVT","Missing","free lunch"
63,-266,0,0,"female","PPVT","Hispanic","free lunch"
35,-270,0,0,"female","TVIP","Hispanic","free lunch"
72,308,1,1,"male","PPVT","Hispanic","no free lunch"
72,180,1,1,"male","PPVT","Hispanic","missing"
63,-326,0,0,"female","PPVT","Black","free lunch"
47,282,1,1,"female","TVIP","Hispanic","free lunch"
66,-285,0,0,"female","PPVT","Hispanic","free lunch"
49,67,1,1,"female","PPVT","Hispanic","free lunch"
64,-160,0,0,"male","PPVT","Black","no free lunch"
56,-119,0,0,"female","PPVT","Black","free lunch"
59,-2,0,0,"female","PPVT","Hispanic","missing"
69,68,1,1,"female","PPVT","White","missing"
43,-56,0,0,"male","PPVT","Hispanic","missing"
55,-153,0,0,"male","PPVT","Hispanic","free lunch"
23,-330,0,0,"female","TVIP","Hispanic","free lunch"
75,-140,0,0,"male","PPVT","Black","no free lunch"
43,274,1,1,"female","PPVT","Hispanic","free lunch"
71,275,1,0,"male","PPVT","Hispanic","free lunch"
45,-187,0,0,"male","PPVT","Black","no free lunch"
68,353,1,1,"male","PPVT","Hispanic","free lunch"
54,281,1,1,"female","PPVT","Black","free lunch"
66,-333,0,0,"female","PPVT","White","free lunch"
81,-92,0,0,"male","PPVT","Missing","free lunch"
41,-325,0,0,"female","PPVT","Hispanic","free lunch"
56,195,1,1,"male","PPVT","Missing","free lunch"
44,-256,0,0,"female","PPVT","Other","free lunch"
72,340,1,1,"male","PPVT","Hispanic","free lunch"
67,92,1,1,"male","PPVT","Black","free lunch"
41,-288,0,0,"male","PPVT","Hispanic","free lunch"
78,-229,0,0,"female","PPVT","White","no free lunch"
76,234,1,1,"female","PPVT","Hispanic","free lunch"
48,111,1,0,"male","PPVT","Hispanic","free lunch"
58,-283,0,0,"male","PPVT","Hispanic","missing"
69,68,1,1,"female","PPVT","Hispanic","missing"
47,-15,0,0,"male","PPVT","Black","no free lunch"
61,-122,0,0,"male","PPVT","Black","no free lunch"
50,-156,0,0,"male","PPVT","Hispanic","free lunch"
67,-152,0,0,"male","PPVT","Black","free lunch"
71,-291,0,0,"male","PPVT","White","free lunch"
66,-297,0,0,"male","PPVT","Hispanic","no free lunch"
31,-154,0,0,"male","TVIP","Hispanic","free lunch"
75,184,1,1,"female","PPVT","Hispanic","free lunch"
83,305,1,1,"female","PPVT","White","no free lunch"
73,353,1,1,"male","PPVT","Hispanic","free lunch"
58,-162,0,0,"female","PPVT","Hispanic","free lunch"
39,-118,0,0,"female","TVIP","Hispanic","free lunch"
54,-328,0,0,"male","PPVT","Black","missing"
53,-301,0,0,"female","PPVT","Other","free lunch"
61,-119,0,0,"female","PPVT","Black","missing"
52,-182,0,0,"male","PPVT","Black","free lunch"
54,-100,0,0,"male","PPVT","Black","no free lunch"
63,176,1,1,"female","TVIP","White","no free lunch"
71,150,1,1,"female","PPVT","Missing","no free lunch"
77,203,1,1,"male","PPVT","Black","missing"
63,-72,0,0,"female","PPVT","Hispanic","missing"
87,361,1,1,"female","PPVT","Black","missing"
50,-124,0,0,"female","PPVT","Hispanic","free lunch"
69,-303,0,0,"male","PPVT","Hispanic","missing"
84,258,1,1,"female","PPVT","Black","free lunch"
59,16,1,0,"female","PPVT","Hispanic","free lunch"
63,362,1,0,"male","TVIP","Hispanic","free lunch"
17,-57,0,0,"male","TVIP","Hispanic","free lunch"
58,-198,0,0,"male","PPVT","Missing","no free lunch"
59,-290,0,0,"male","PPVT","White","free lunch"
93,290,1,1,"female","PPVT","Black","free lunch"
55,-180,0,0,"male","PPVT","White","no free lunch"
56,-64,0,0,"male","PPVT","Hispanic","free lunch"
66,-298,0,0,"female","PPVT","Black","free lunch"
97,227,1,1,"female","PPVT","Hispanic","no free lunch"
41,79,1,1,"female","TVIP","Hispanic","free lunch"
40,33,1,1,"male","PPVT","Hispanic","free lunch"
58,263,1,1,"female","PPVT","Hispanic","free lunch"
40,-154,0,0,"female","TVIP","Hispanic","missing"
43,-328,0,0,"male","PPVT","Black","free lunch"
68,-176,0,0,"male","PPVT","Black","no free lunch"
63,-129,0,0,"female","PPVT","Hispanic","no free lunch"
46,49,1,1,"female","PPVT","Hispanic","free lunch"
65,312,1,1,"female","PPVT","Hispanic","free lunch"
48,201,1,1,"female","PPVT","Hispanic","free lunch"
44,-331,0,0,"female","TVIP","Hispanic","free lunch"
61,328,1,1,"male","PPVT","Hispanic","no free lunch"
72,321,1,1,"male","PPVT","Black","free lunch"
60,89,1,1,"male","PPVT","Hispanic","free lunch"
32,-316,0,0,"male","TVIP","Hispanic","free lunch"
25,21,1,1,"female","TVIP","Hispanic","free lunch"
36,-279,0,0,"female","PPVT","Hispanic","free lunch"
65,61,1,1,"female","PPVT","Black","free lunch"
52,-102,0,0,"male","PPVT","Missing","free lunch"
31,-132,0,0,"female","TVIP","Hispanic","free lunch"
69,-234,0,0,"female","PPVT","White","no free lunch"
51,227,1,1,"male","TVIP","Hispanic","no free lunch"
76,220,1,1,"female","PPVT","Black","free lunch"
37,31,1,1,"male","PPVT","Hispanic","free lunch"
37,-137,0,0,"female","PPVT","Hispanic","missing"
58,-246,0,1,"male","TVIP","Hispanic","missing"
56,194,1,1,"female","PPVT","Other","no free lunch"
76,43,1,1,"female","PPVT","Hispanic","free lunch"
33,-170,0,0,"male","TVIP","Hispanic","missing"
71,-306,0,0,"male","PPVT","Hispanic","missing"
76,98,1,1,"male","PPVT","Missing","no free lunch"
58,18,1,1,"male","PPVT","Missing","free lunch"
81,339,1,1,"male","PPVT","Hispanic","no free lunch"
35,-90,0,0,"female","TVIP","Hispanic","free lunch"
85,311,1,1,"male","PPVT","White","no free lunch"
66,179,1,1,"male","PPVT","Hispanic","free lunch"
65,116,1,1,"male","PPVT","Black","free lunch"
65,226,1,1,"female","PPVT","Hispanic","free lunch"
67,58,1,1,"female","PPVT","Other","free lunch"
75,15,1,1,"male","PPVT","White","no free lunch"
59,330,1,1,"male","PPVT","Missing","no free lunch"
47,144,1,1,"male","PPVT","Hispanic","no free lunch"
46,-243,0,0,"male","PPVT","Black","no free lunch"
68,69,1,1,"female","PPVT","Black","free lunch"
62,179,1,1,"male","PPVT","Black","free lunch"
76,167,1,1,"male","PPVT","Hispanic","free lunch"
59,-154,0,0,"female","PPVT","White","free lunch"
58,-214,0,0,"male","PPVT","Black","no free lunch"
82,359,1,1,"male","PPVT","Missing","free lunch"
62,0,1,1,"male","PPVT","Missing","free lunch"
75,-88,0,0,"male","PPVT","Black","free lunch"
86,-42,0,0,"male","PPVT","Missing","no free lunch"
48,-35,0,0,"female","PPVT","Hispanic","free lunch"
50,259,1,1,"female","TVIP","Hispanic","free lunch"
76,243,1,1,"male","PPVT","Hispanic","free lunch"
31,-134,0,0,"male","PPVT","Hispanic","free lunch"
63,162,1,1,"male","PPVT","Missing","no free lunch"
86,289,1,1,"female","PPVT","Hispanic","free lunch"
31,-282,0,0,"female","TVIP","Hispanic","missing"
64,66,1,1,"female","PPVT","Hispanic","free lunch"
69,-87,0,0,"female","PPVT","Hispanic","no free lunch"
27,-116,0,0,"male","TVIP","Hispanic","free lunch"
53,113,1,1,"female","PPVT","Hispanic","missing"
69,49,1,1,"male","PPVT","Missing","no free lunch"
25,-332,0,0,"male","TVIP","Hispanic","free lunch"
37,-62,0,0,"female","TVIP","Hispanic","free lunch"
61,-192,0,0,"female","PPVT","Black","free lunch"
80,248,1,1,"male","PPVT","Missing","free lunch"
76,-74,0,1,"female","PPVT","Missing","free lunch"
56,-228,0,0,"male","PPVT","Hispanic","no free lunch"
37,-250,0,0,"male","PPVT","Black","missing"
75,-315,0,0,"male","PPVT","White","free lunch"
33,-235,0,0,"male","TVIP","Hispanic","free lunch"
66,83,1,1,"female","PPVT","Hispanic","free lunch"
62,124,1,1,"female","PPVT","Hispanic","no free lunch"
90,95,1,1,"male","PPVT","White","no free lunch"
26,-94,0,0,"female","TVIP","Hispanic","free lunch"
86,92,1,1,"female","PPVT","Missing","no free lunch"
64,-79,0,0,"female","PPVT","Missing","free lunch"
48,221,1,1,"male","PPVT","Hispanic","free lunch"
64,291,1,1,"female","PPVT","Hispanic","no free lunch"
49,360,1,1,"female","TVIP","Hispanic","free lunch"
80,87,1,1,"female","PPVT","Missing","free lunch"
50,-319,0,0,"male","PPVT","Missing","free lunch"
66,290,1,1,"female","PPVT","Hispanic","missing"
79,-127,0,0,"female","PPVT","White","free lunch"
70,254,1,1,"male","PPVT","Hispanic","no free lunch"
44,-200,0,0,"male","PPVT","Hispanic","no free lunch"
62,180,1,1,"male","PPVT","Missing","free lunch"
34,-85,0,0,"female","TVIP","Hispanic","free lunch"
55,-90,0,0,"female","PPVT","Hispanic","free lunch"
78,-23,0,0,"female","PPVT","Hispanic","free lunch"
51,130,1,1,"male","PPVT","Hispanic","free lunch"
71,249,1,1,"male","PPVT","Missing","free lunch"
32,134,1,1,"male","TVIP","Hispanic","free lunch"
85,242,1,1,"female","PPVT","Missing","no free lunch"
89,360,1,1,"male","PPVT","Hispanic","missing"
69,169,1,1,"male","PPVT","Other","free lunch"
52,-149,0,0,"male","PPVT","Black","free lunch"
51,-197,0,0,"female","PPVT","Hispanic","no free lunch"
63,302,1,1,"male","PPVT","Hispanic","free lunch"
78,-123,0,0,"male","PPVT","Missing","no free lunch"
86,41,1,1,"female","PPVT","White","no free lunch"
61,59,1,1,"male","PPVT","Missing","free lunch"
43,-207,0,0,"male","PPVT","Hispanic","missing"
26,-216,0,0,"female","TVIP","Hispanic","free lunch"
100,342,1,1,"male","PPVT","Missing","no free lunch"
74,219,1,1,"female","PPVT","Black","no free lunch"
83,152,1,1,"female","PPVT","Black","missing"
51,-334,0,0,"male","PPVT","Black","no free lunch"
68,-341,0,0,"male","PPVT","Black","no free lunch"
74,52,1,1,"male","PPVT","Hispanic","free lunch"
56,-153,0,0,"female","PPVT","Hispanic","free lunch"
56,249,1,1,"female","TVIP","Hispanic","free lunch"
43,-8,0,0,"male","TVIP","Hispanic","free lunch"
71,45,1,1,"female","PPVT","Black","free lunch"
53,-354,0,0,"male","PPVT","Black","free lunch"
53,23,1,1,"male","PPVT","Hispanic","no free lunch"
63,336,1,1,"male","PPVT","Black","no free lunch"
53,173,1,1,"male","TVIP","Hispanic","free lunch"
80,201,1,1,"male","PPVT","Hispanic","missing"
87,166,1,1,"female","PPVT","Missing","free lunch"
57,-136,0,0,"male","PPVT","Missing","no free lunch"
48,-234,0,0,"female","PPVT","Other","free lunch"
67,-133,0,0,"male","PPVT","Missing","free lunch"
58,-55,0,0,"female","PPVT","Other","free lunch"
61,94,1,1,"male","PPVT","Black","free lunch"
45,-255,0,0,"male","PPVT","Other","no free lunch"
66,-244,0,0,"female","PPVT","Hispanic","missing"
42,-132,0,0,"male","PPVT","Other","no free lunch"
47,-148,0,0,"female","PPVT","Hispanic","missing"
84,239,1,1,"male","PPVT","White","free lunch"
71,18,1,1,"female","PPVT","Black","no free lunch"
94,116,1,1,"female","PPVT","Missing","missing"
59,30,1,0,"female","TVIP","Hispanic","no free lunch"
68,-224,0,0,"male","PPVT","Hispanic","missing"
72,276,1,1,"female","PPVT","Hispanic","free lunch"
39,253,1,1,"male","TVIP","Hispanic","free lunch"
48,111,1,1,"male","TVIP","Hispanic","free lunch"
67,-202,0,0,"male","PPVT","Hispanic","free lunch"
69,-39,0,0,"male","PPVT","Black","free lunch"
35,318,1,1,"male","TVIP","Hispanic","free lunch"
43,-108,0,0,"female","PPVT","Hispanic","missing"
50,-352,0,0,"female","PPVT","Hispanic","no free lunch"
68,291,1,1,"male","PPVT","Missing","free lunch"
77,184,1,1,"female","PPVT","Hispanic","free lunch"
49,-188,0,0,"female","TVIP","Hispanic","free lunch"
36,-279,0,0,"female","TVIP","Hispanic","free lunch"
69,155,1,1,"female","TVIP","Hispanic","no free lunch"
73,320,1,1,"male","PPVT","Hispanic","missing"
38,86,1,1,"female","TVIP","Hispanic","missing"
77,-123,0,0,"male","PPVT","Black","no free lunch"
81,62,1,1,"female","PPVT","Missing","no free lunch"
52,269,1,1,"male","PPVT","Black","free lunch"
45,234,1,1,"male","TVIP","Hispanic","free lunch"
46,28,1,1,"male","PPVT","Hispanic","missing"
66,-228,0,0,"male","PPVT","White","no free lunch"
55,71,1,0,"female","PPVT","White","free lunch"
52,-1,0,0,"male","PPVT","Hispanic","missing"
64,-61,0,0,"male","PPVT","Black","free lunch"
49,-57,0,0,"female","PPVT","Hispanic","free lunch"
82,259,1,1,"female","PPVT","Black","no free lunch"
34,-356,0,0,"female","TVIP","Hispanic","free lunch"
70,66,1,1,"male","PPVT","Hispanic","free lunch"
73,133,1,1,"female","PPVT","Hispanic","missing"
79,-32,0,1,"female","PPVT","Missing","no free lunch"
80,326,1,1,"female","PPVT","Hispanic","free lunch"
89,-37,0,0,"male","PPVT","Missing","missing"
52,-281,0,0,"female","PPVT","Hispanic","free lunch"
81,200,1,1,"male","PPVT","Hispanic","missing"
80,329,1,1,"female","PPVT","Other","free lunch"
91,322,1,1,"male","PPVT","Black","missing"
57,59,1,1,"female","PPVT","Hispanic","missing"
34,-98,0,0,"male","TVIP","Hispanic","no free lunch"
82,304,1,1,"female","PPVT","Other","free lunch"
71,192,1,1,"male","PPVT","Black","no free lunch"
30,-222,0,0,"male","TVIP","Hispanic","free lunch"
77,327,1,1,"male","PPVT","Black","free lunch"
108,184,1,1,"female","PPVT","Missing","no free lunch"
65,353,1,1,"female","PPVT","Hispanic","free lunch"
54,-161,0,0,"male","PPVT","Hispanic","free lunch"
75,264,1,1,"female","PPVT","Hispanic","free lunch"
48,-185,0,0,"female","TVIP","Hispanic","free lunch"
78,-211,0,0,"male","PPVT","Missing","no free lunch"
55,107,1,1,"female","PPVT","Hispanic","missing"
74,205,1,1,"male","PPVT","Missing","free lunch"
85,295,1,1,"male","PPVT","Hispanic","no free lunch"
35,-276,0,0,"male","PPVT","Hispanic","free lunch"
74,89,1,1,"female","TVIP","Hispanic","free lunch"
67,358,1,1,"male","PPVT","Black","free lunch"
74,-141,0,0,"female","PPVT","Black","missing"
62,-361,0,0,"male","PPVT","Missing","free lunch"
90,287,1,1,"male","PPVT","White","no free lunch"
81,285,1,1,"female","PPVT","Missing","no free lunch"
18,-87,0,0,"female","TVIP","Hispanic","free lunch"
83,244,1,1,"male","PPVT","White","no free lunch"
38,212,1,1,"female","TVIP","Hispanic","free lunch"
73,283,1,1,"female","PPVT","White","no free lunch"
77,-289,0,0,"female","PPVT","Other","free lunch"
76,120,1,1,"female","PPVT","Hispanic","missing"
67,202,1,1,"female","PPVT","Hispanic","free lunch"
49,240,1,1,"female","TVIP","Hispanic","free lunch"
61,-211,0,0,"female","PPVT","Hispanic","free lunch"
39,-226,0,0,"male","PPVT","Hispanic","free lunch"
39,-108,0,0,"female","TVIP","Hispanic","free lunch"
59,-242,0,0,"female","PPVT","Other","missing"
69,-302,0,0,"male","PPVT","Black","no free lunch"
70,65,1,1,"male","PPVT","White","free lunch"
71,364,1,1,"female","PPVT","Hispanic","free lunch"
91,186,1,1,"female","PPVT","Missing","no free lunch"
84,-283,0,0,"male","PPVT","Black","free lunch"
75,197,1,1,"male","PPVT","Hispanic","free lunch"
59,56,1,1,"male","PPVT","Black","free lunch"
31,-293,0,0,"female","TVIP","Hispanic","free lunch"
53,27,1,1,"female","PPVT","Hispanic","free lunch"
35,265,1,1,"female","TVIP","Hispanic","missing"
67,-227,0,0,"male","PPVT","White","no free lunch"
47,-92,0,0,"male","TVIP","Hispanic","free lunch"
95,74,1,1,"male","PPVT","Black","free lunch"
75,-142,0,0,"male","PPVT","Missing","missing"
72,178,1,1,"female","PPVT","Hispanic","free lunch"
91,85,1,0,"male","PPVT","Missing","no free lunch"
95,202,1,1,"female","PPVT","Hispanic","free lunch"
33,-355,0,0,"female","PPVT","Hispanic","free lunch"
26,-356,0,0,"male","TVIP","Hispanic","free lunch"
62,-213,0,0,"female","PPVT","Other","missing"
75,-231,0,0,"male","PPVT","Missing","no free lunch"
20,-293,0,0,"male","PPVT","Hispanic","no free lunch"
55,-49,0,0,"male","TVIP","Hispanic","free lunch"
40,-298,0,0,"male","TVIP","Hispanic","free lunch"
74,-20,0,0,"male","PPVT","Hispanic","missing"
81,49,1,1,"female","PPVT","Black","no free lunch"
58,-142,0,0,"male","PPVT","White","missing"
56,-136,0,0,"male","PPVT","Missing","no free lunch"
86,144,1,1,"male","PPVT","Hispanic","free lunch"
75,-138,0,0,"male","PPVT","Other","free lunch"
72,10,1,1,"male","PPVT","Hispanic","free lunch"
20,-66,0,0,"male","TVIP","Hispanic","free lunch"
46,-233,0,0,"male","PPVT","Hispanic","missing"
61,-116,0,1,"female","PPVT","White","free lunch"
68,233,1,1,"female","PPVT","Black","missing"
66,257,1,0,"male","PPVT","White","free lunch"
46,-97,0,0,"female","PPVT","Hispanic","free lunch"
45,-341,0,0,"male","PPVT","White","free lunch"
48,27,1,1,"male","PPVT","Black","free lunch"
52,-256,0,0,"male","PPVT","Hispanic","missing"
87,352,1,1,"female","PPVT","Black","free lunch"
66,68,1,1,"male","PPVT","Missing","free lunch"
77,56,1,1,"female","PPVT","Hispanic","free lunch"
66,-325,0,0,"male","PPVT","Missing","free lunch"
45,-244,0,0,"male","PPVT","Hispanic","free lunch"
50,-175,0,0,"male","PPVT","Black","no free lunch"
72,-82,0,0,"male","PPVT","White","no free lunch"
55,-93,0,0,"male","PPVT","Hispanic","free lunch"
65,47,1,1,"female","PPVT","White","no free lunch"
53,-324,0,0,"female","PPVT","Hispanic","free lunch"
30,-268,0,0,"female","PPVT","Black","free lunch"
71,257,1,1,"male","PPVT","White","no free lunch"
47,-345,0,0,"male","PPVT","Hispanic","missing"
87,235,1,1,"female","PPVT","Missing","free lunch"
44,-132,0,0,"male","PPVT","Hispanic","missing"
52,216,1,1,"male","PPVT","Hispanic","no free lunch"
64,148,1,0,"male","TVIP","Hispanic","no free lunch"
77,341,1,1,"female","PPVT","Black","free lunch"
76,-235,0,0,"female","PPVT","White","free lunch"
56,179,1,1,"male","PPVT","Hispanic","free lunch"
73,184,1,1,"male","PPVT","Missing","no free lunch"
75,34,1,1,"male","PPVT","Black","free lunch"
72,317,1,1,"female","PPVT","Missing","no free lunch"
62,-24,0,0,"male","PPVT","Black","free lunch"
52,56,1,1,"male","TVIP","Hispanic","free lunch"
67,-221,0,0,"male","PPVT","Other","free lunch"
77,331,1,1,"male","PPVT","Hispanic","free lunch"
72,55,1,1,"male","PPVT","Black","free lunch"
67,79,1,1,"male","PPVT","Hispanic","missing"
20,-38,0,0,"female","TVIP","Hispanic","free lunch"
42,-158,0,0,"female","TVIP","Hispanic","missing"
65,236,1,1,"male","PPVT","Missing","no free lunch"
36,-46,0,0,"female","TVIP","Hispanic","free lunch"
69,193,1,1,"male","PPVT","Hispanic","no free lunch"
67,359,1,1,"female","PPVT","Hispanic","no free lunch"
61,185,1,0,"male","PPVT","Hispanic","missing"
71,260,1,1,"female","PPVT","Hispanic","no free lunch"
72,-1,0,0,"female","PPVT","Missing","no free lunch"
47,97,1,1,"male","PPVT","Hispanic","free lunch"
30,-153,0,0,"male","TVIP","Hispanic","free lunch"
88,63,1,1,"male","PPVT","Missing","missing"
64,111,1,1,"female","PPVT","Missing","free lunch"
65,19,1,0,"male","PPVT","Black","no free lunch"
59,-21,0,0,"male","PPVT","Black","no free lunch"
59,88,1,1,"female","PPVT","Hispanic","free lunch"
31,36,1,1,"female","TVIP","Hispanic","free lunch"
78,316,1,1,"male","PPVT","Black","missing"
73,331,1,1,"male","PPVT","Hispanic","free lunch"
34,168,1,1,"female","TVIP","Hispanic","free lunch"
92,357,1,1,"female","PPVT","Missing","free lunch"
58,26,1,1,"male","PPVT","Black","no free lunch"
61,94,1,1,"male","PPVT","Missing","no free lunch"
47,-359,0,0,"male","PPVT","Black","free lunch"
68,354,1,1,"female","PPVT","Hispanic","free lunch"
69,13,1,1,"female","PPVT","Hispanic","free lunch"
79,118,1,1,"female","PPVT","Hispanic","free lunch"
56,95,1,0,"male","PPVT","Missing","missing"
92,170,1,1,"male","PPVT","White","free lunch"
108,122,1,1,"male","PPVT","Black","no free lunch"
71,103,1,1,"female","PPVT","White","free lunch"
78,60,1,1,"male","PPVT","Hispanic","no free lunch"
45,175,1,1,"female","TVIP","Hispanic","free lunch"
81,32,1,1,"female","PPVT","Hispanic","missing"
45,142,1,1,"female","PPVT","Hispanic","free lunch"
39,-348,0,0,"female","TVIP","Hispanic","free lunch"
65,-361,0,0,"male","PPVT","Black","no free lunch"
67,316,1,1,"male","PPVT","Missing","free lunch"
56,-4,0,0,"female","PPVT","Black","free lunch"
33,100,1,1,"female","PPVT","Hispanic","free lunch"
46,-347,0,0,"male","PPVT","Black","no free lunch"
81,122,1,1,"male","PPVT","Black","no free lunch"
48,-310,0,0,"male","PPVT","Hispanic","no free lunch"
77,203,1,1,"female","PPVT","Hispanic","free lunch"
77,36,1,1,"female","PPVT","Missing","no free lunch"
72,115,1,1,"male","PPVT","Other","no free lunch"
58,-193,0,0,"female","PPVT","Black","no free lunch"
71,-347,0,0,"male","PPVT","Black","no free lunch"
95,346,1,1,"female","PPVT","White","no free lunch"
48,-264,0,0,"male","PPVT","Hispanic","missing"
61,-300,0,0,"male","PPVT","Hispanic","missing"
96,259,1,1,"male","PPVT","Hispanic","no free lunch"
72,280,1,1,"female","PPVT","Hispanic","free lunch"
70,352,1,1,"female","PPVT","White","free lunch"
65,313,1,1,"male","PPVT","Hispanic","missing"
62,-142,0,0,"male","PPVT","Hispanic","no free lunch"
38,241,1,1,"male","TVIP","Hispanic","free lunch"
70,115,1,1,"male","PPVT","Missing","missing"
48,-251,0,0,"male","PPVT","Other","free lunch"
70,349,1,1,"male","PPVT","Missing","no free lunch"
47,182,1,1,"male","PPVT","Missing","free lunch"
68,-57,0,0,"male","PPVT","Missing","free lunch"
57,-232,0,0,"female","PPVT","Hispanic","missing"
57,302,1,1,"female","PPVT","Black","missing"
81,55,1,1,"female","PPVT","Missing","free lunch"
59,-144,0,0,"female","PPVT","Hispanic","free lunch"
96,237,1,1,"female","PPVT","White","free lunch"
57,-193,0,0,"female","PPVT","Missing","free lunch"
43,-298,0,0,"female","PPVT","Hispanic","free lunch"
73,-52,0,0,"male","PPVT","Missing","no free lunch"
72,-126,0,0,"female","PPVT","Hispanic","free lunch"
74,-114,0,0,"female","PPVT","Other","free lunch"
87,17,1,1,"male","PPVT","White","free lunch"
54,216,1,1,"female","PPVT","Hispanic","free lunch"
44,-296,0,0,"female","PPVT","Hispanic","free lunch"
66,-208,0,0,"female","PPVT","Missing","no free lunch"
67,-254,0,0,"male","PPVT","Hispanic","missing"
48,-238,0,0,"female","PPVT","Other","no free lunch"
41,-355,0,0,"female","PPVT","Black","free lunch"
80,118,1,0,"female","PPVT","Black","no free lunch"
72,-96,0,0,"male","PPVT","Black","no free lunch"
50,351,1,1,"male","PPVT","Black","missing"
58,-29,0,0,"female","PPVT","Black","free lunch"
53,-127,0,0,"male","PPVT","Black","missing"
78,30,1,1,"male","PPVT","Black","missing"
70,-265,0,0,"male","PPVT","Missing","free lunch"
31,-345,0,0,"male","PPVT","Hispanic","free lunch"
60,-147,0,0,"female","PPVT","Hispanic","free lunch"
70,-114,0,0,"male","PPVT","Hispanic","free lunch"
60,-136,0,0,"female","PPVT","Black","no free lunch"
53,-127,0,0,"female","PPVT","Black","free lunch"
68,37,1,1,"female","PPVT","Hispanic","free lunch"
53,-46,0,0,"male","PPVT","Hispanic","free lunch"
54,-22,0,0,"male","PPVT","Hispanic","free lunch"
32,234,1,1,"female","TVIP","Hispanic","free lunch"
47,-103,0,0,"male","PPVT","Hispanic","no free lunch"
58,-37,0,0,"male","PPVT","Hispanic","missing"
67,-350,0,0,"female","PPVT","Other","free lunch"
40,-327,0,0,"female","PPVT","Hispanic","free lunch"
18,-200,0,0,"female","TVIP","Hispanic","free lunch"
73,-75,0,0,"male","PPVT","Black","missing"
74,-324,0,0,"female","PPVT","White","free lunch"
71,113,1,1,"male","PPVT","Hispanic","no free lunch"
51,-84,0,0,"male","PPVT","Hispanic","free lunch"
59,38,1,1,"male","PPVT","Hispanic","missing"
71,-187,0,0,"male","PPVT","Missing","free lunch"
32,-279,0,0,"male","TVIP","Hispanic","free lunch"
33,-50,0,0,"female","TVIP","Hispanic","free lunch"
63,129,1,1,"female","PPVT","White","free lunch"
35,-65,0,1,"male","TVIP","Hispanic","free lunch"
64,-197,0,0,"male","PPVT","Hispanic","no free lunch"
38,234,1,1,"male","TVIP","Hispanic","free lunch"
58,-176,0,0,"female","PPVT","Black","free lunch"
47,-268,0,0,"female","PPVT","Hispanic","free lunch"
85,256,1,1,"female","PPVT","White","no free lunch"
19,-180,0,0,"male","TVIP","Hispanic","free lunch"
34,-364,0,0,"male","PPVT","Hispanic","missing"
70,-226,0,0,"male","PPVT","White","free lunch"
43,298,1,1,"female","TVIP","Hispanic","free lunch"
56,-39,0,0,"male","PPVT","Hispanic","missing"
61,322,1,1,"female","PPVT","Hispanic","free lunch"
48,87,1,1,"female","TVIP","Hispanic","free lunch"
38,-134,0,0,"female","PPVT","Hispanic","missing"
69,353,1,1,"female","PPVT","Hispanic","free lunch"
80,154,1,1,"female","PPVT","Hispanic","free lunch"
82,226,1,1,"male","PPVT","Hispanic","missing"
52,-164,0,0,"male","PPVT","Black","free lunch"
58,140,1,1,"male","PPVT","Hispanic","free lunch"
77,294,1,1,"male","PPVT","Missing","no free lunch"
45,32,1,1,"male","TVIP","Hispanic","free lunch"
65,-130,0,0,"male","PPVT","Missing","free lunch"
74,-84,0,0,"female","PPVT","White","free lunch"
82,96,1,1,"male","PPVT","Missing","no free lunch"
61,204,1,1,"female","TVIP","Hispanic","free lunch"
68,262,1,1,"male","PPVT","Hispanic","missing"
32,352,1,1,"male","TVIP","Hispanic","free lunch"
51,86,1,1,"male","PPVT","Black","no free lunch"
63,151,1,1,"male","PPVT","Other","no free lunch"
58,29,1,1,"male","PPVT","Hispanic","no free lunch"
74,318,1,1,"female","PPVT","Hispanic","free lunch"
83,265,1,1,"female","PPVT","Hispanic","missing"
46,329,1,1,"female","TVIP","Hispanic","no free lunch"
56,-74,0,0,"male","PPVT","Black","free lunch"
65,-134,0,0,"female","PPVT","Missing","free lunch"
78,-206,0,0,"male","PPVT","White","missing"
36,-105,0,0,"female","PPVT","Black","free lunch"
17,-357,0,0,"female","TVIP","Hispanic","free lunch"
26,-144,0,0,"male","PPVT","Hispanic","missing"
82,333,1,1,"male","PPVT","Black","free lunch"
65,112,1,1,"male","PPVT","Hispanic","free lunch"
55,-19,0,0,"male","PPVT","Hispanic","free lunch"
36,-91,0,0,"male","PPVT","Black","no free lunch"
70,258,1,1,"female","PPVT","Hispanic","free lunch"
83,-185,0,0,"male","PPVT","Hispanic","missing"
77,142,1,1,"male","PPVT","Black","no free lunch"
79,327,1,1,"male","PPVT","Hispanic","no free lunch"
35,124,1,1,"male","TVIP","Hispanic","free lunch"
51,-185,0,0,"female","PPVT","Hispanic","free lunch"
36,-114,0,0,"female","TVIP","Hispanic","free lunch"
61,-90,0,0,"female","PPVT","Hispanic","missing"
55,-296,0,0,"female","PPVT","White","free lunch"
64,-175,0,0,"male","PPVT","Black","free lunch"
78,-89,0,0,"female","PPVT","White","free lunch"
71,173,1,1,"male","PPVT","Hispanic","no free lunch"
59,308,1,1,"male","PPVT","Black","free lunch"
82,7,1,1,"female","PPVT","Missing","free lunch"
63,358,1,1,"male","TVIP","Hispanic","no free lunch"
55,65,1,0,"female","TVIP","Hispanic","missing"
53,-109,0,0,"male","TVIP","Hispanic","no free lunch"
54,-71,0,1,"male","PPVT","Hispanic","no free lunch"
34,-328,0,0,"female","TVIP","Hispanic","free lunch"
65,7,1,1,"male","PPVT","Hispanic","no free lunch"
60,-244,0,0,"male","PPVT","Missing","free lunch"
44,-287,0,0,"male","PPVT","Black","free lunch"
58,-285,0,0,"male","PPVT","Missing","no free lunch"
63,-282,0,0,"male","PPVT","Black","no free lunch"
93,219,1,1,"male","PPVT","Other","free lunch"
71,78,1,1,"female","PPVT","Black","free lunch"
61,222,1,1,"male","PPVT","Hispanic","free lunch"
65,333,1,1,"male","PPVT","Missing","missing"
88,307,1,1,"male","PPVT","Black","no free lunch"
40,-260,0,0,"male","TVIP","Hispanic","missing"
80,249,1,1,"male","PPVT","Black","free lunch"
74,-34,0,0,"male","PPVT","White","no free lunch"
51,-94,0,0,"female","PPVT","Hispanic","free lunch"
32,-176,0,0,"female","TVIP","Hispanic","free lunch"
66,-148,0,0,"female","PPVT","White","free lunch"
68,238,1,1,"female","TVIP","Hispanic","free lunch"
71,87,1,1,"male","PPVT","White","missing"
88,344,1,1,"female","PPVT","Black","free lunch"
73,-114,0,0,"female","PPVT","White","no free lunch"
73,-250,0,0,"female","PPVT","Missing","free lunch"
98,-130,0,0,"female","PPVT","White","missing"
37,151,1,1,"female","TVIP","Hispanic","free lunch"
71,165,1,0,"female","PPVT","Black","no free lunch"
77,9,1,1,"female","PPVT","Hispanic","free lunch"
60,-331,0,0,"male","TVIP","Hispanic","no free lunch"
59,-91,0,0,"female","PPVT","Missing","free lunch"
32,-244,0,0,"female","TVIP","Hispanic","missing"
54,82,1,1,"female","PPVT","Hispanic","free lunch"
51,-91,0,0,"male","PPVT","Black","no free lunch"
77,-99,0,0,"male","PPVT","White","no free lunch"
69,-104,0,0,"female","PPVT","White","free lunch"
73,33,1,1,"female","PPVT","White","no free lunch"
66,-117,0,0,"male","PPVT","White","no free lunch"
98,150,1,1,"male","PPVT","Missing","no free lunch"
88,-34,0,0,"male","PPVT","Black","no free lunch"
94,272,1,1,"male","PPVT","White","no free lunch"
65,184,1,1,"female","PPVT","Black","no free lunch"
40,-292,0,0,"male","PPVT","Black","free lunch"
59,-41,0,0,"male","PPVT","Other","free lunch"
69,234,1,1,"male","PPVT","Other","missing"
69,-81,0,0,"male","PPVT","Missing","no free lunch"
59,-220,0,0,"male","PPVT","Missing","no free lunch"
35,218,1,1,"female","TVIP","Hispanic","free lunch"
28,-308,0,0,"female","TVIP","Hispanic","free lunch"
47,-336,0,0,"female","PPVT","Black","free lunch"
52,-362,0,0,"male","PPVT","Missing","free lunch"
55,-263,0,0,"female","PPVT","Hispanic","free lunch"
77,217,1,1,"male","PPVT","Other","free lunch"
63,48,1,1,"female","PPVT","Hispanic","free lunch"
57,358,1,1,"female","PPVT","Black","free lunch"
56,-197,0,0,"male","PPVT","Black","free lunch"
78,4,1,1,"male","PPVT","White","missing"
46,-24,0,0,"female","TVIP","Hispanic","free lunch"
40,-328,0,0,"male","TVIP","Hispanic","free lunch"
74,141,1,1,"female","PPVT","Hispanic","free lunch"
85,136,1,1,"male","PPVT","Hispanic","free lunch"
27,-207,0,0,"female","TVIP","Hispanic","free lunch"
47,-253,0,0,"male","PPVT","Hispanic","missing"
74,37,1,1,"male","PPVT","Black","missing"
73,264,1,1,"female","PPVT","White","free lunch"
70,358,1,1,"male","PPVT","Hispanic","missing"
32,-272,0,0,"male","PPVT","Hispanic","free lunch"
75,209,1,0,"male","PPVT","White","no free lunch"
72,-5,0,0,"male","PPVT","White","no free lunch"
61,64,1,1,"female","TVIP","Hispanic","free lunch"
42,85,1,1,"female","PPVT","Hispanic","missing"
61,-204,0,0,"male","PPVT","Hispanic","missing"
63,364,1,1,"male","PPVT","Hispanic","missing"
41,24,1,1,"female","TVIP","Hispanic","free lunch"
112,25,1,1,"female","PPVT","White","no free lunch"
50,152,1,1,"female","PPVT","Hispanic","free lunch"
85,157,1,1,"male","PPVT","White","missing"
84,252,1,1,"female","PPVT","Hispanic","free lunch"
88,146,1,1,"male","PPVT","Black","missing"
69,348,1,1,"male","PPVT","Black","free lunch"
68,-125,0,0,"male","PPVT","Hispanic","free lunch"
83,143,1,1,"female","PPVT","Other","no free lunch"
37,-182,0,0,"male","PPVT","Black","missing"
48,-235,0,0,"female","PPVT","Hispanic","free lunch"
79,353,1,1,"female","PPVT","Black","free lunch"
36,-236,0,0,"male","TVIP","Hispanic","missing"
23,163,1,1,"male","TVIP","Hispanic","free lunch"
83,82,1,1,"male","PPVT","White","no free lunch"
45,-110,0,0,"male","PPVT","Hispanic","free lunch"
70,41,1,0,"male","PPVT","Hispanic","missing"
65,192,1,1,"female","PPVT","Hispanic","missing"
83,123,1,1,"male","PPVT","Black","free lunch"
41,332,1,1,"female","TVIP","Hispanic","free lunch"
79,12,1,1,"male","PPVT","Missing","no free lunch"
62,261,1,1,"male","PPVT","Missing","free lunch"
74,248,1,1,"male","PPVT","Black","free lunch"
62,205,1,1,"male","PPVT","Hispanic","free lunch"
74,35,1,1,"male","PPVT","Hispanic","no free lunch"
56,15,1,1,"male","PPVT","White","free lunch"
102,-159,0,0,"male","PPVT","Missing","no free lunch"
40,-263,0,0,"female","PPVT","Missing","free lunch"
67,-24,0,0,"male","PPVT","Black","missing"
59,-3,0,0,"female","PPVT","Hispanic","free lunch"
67,-13,0,0,"female","PPVT","Hispanic","free lunch"
66,349,1,1,"male","TVIP","Hispanic","free lunch"
80,271,1,1,"female","PPVT","Black","free lunch"
45,-268,0,0,"male","PPVT","White","free lunch"
61,-316,0,0,"male","PPVT","Other","free lunch"
66,271,1,1,"female","PPVT","Hispanic","free lunch"
47,-338,0,0,"female","PPVT","Black","free lunch"
48,-169,0,0,"male","PPVT","Missing","free lunch"
69,97,1,1,"female","PPVT","Hispanic","free lunch"
57,-355,0,0,"male","PPVT","Missing","missing"
77,362,1,1,"male","PPVT","Black","free lunch"
65,-283,0,0,"female","PPVT","Black","missing"
61,273,1,1,"female","TVIP","Hispanic","free lunch"
63,-14,0,0,"male","PPVT","Hispanic","free lunch"
39,-348,0,0,"male","PPVT","Missing","free lunch"
71,324,1,1,"female","PPVT","Hispanic","no free lunch"
70,123,1,1,"female","PPVT","Hispanic","free lunch"
56,235,1,1,"female","PPVT","Hispanic","free lunch"
85,77,1,1,"female","PPVT","Hispanic","free lunch"
53,216,1,1,"male","PPVT","Hispanic","free lunch"
47,-330,0,0,"male","PPVT","Missing","no free lunch"
61,253,1,1,"female","PPVT","Black","no free lunch"
53,32,1,1,"female","PPVT","Missing","free lunch"
55,-134,0,0,"female","PPVT","Hispanic","no free lunch"
64,196,1,1,"male","PPVT","Hispanic","free lunch"
79,327,1,1,"female","PPVT","Hispanic","no free lunch"
74,28,1,1,"female","PPVT","Other","free lunch"
55,-173,0,0,"female","PPVT","Black","missing"
55,109,1,1,"female","PPVT","Hispanic","no free lunch"
64,-304,0,0,"female","PPVT","White","free lunch"
53,100,1,1,"female","TVIP","White","free lunch"
59,-75,0,0,"male","PPVT","Hispanic","free lunch"
83,291,1,1,"female","PPVT","Missing","no free lunch"
51,330,1,1,"female","TVIP","Hispanic","free lunch"
92,237,1,1,"female","PPVT","Hispanic","no free lunch"
55,-361,0,0,"female","PPVT","Black","missing"
56,-45,0,0,"male","PPVT","Hispanic","no free lunch"
75,3,1,1,"female","PPVT","Black","free lunch"
67,-151,0,0,"male","PPVT","Hispanic","free lunch"
74,346,1,1,"male","PPVT","Missing","no free lunch"
59,-271,0,0,"male","PPVT","Hispanic","free lunch"
83,-110,0,0,"female","PPVT","White","free lunch"
77,65,1,1,"female","PPVT","White","no free lunch"
59,232,1,1,"male","PPVT","Black","no free lunch"
65,-268,0,0,"male","PPVT","Hispanic","missing"
52,-311,0,0,"female","PPVT","Black","free lunch"
48,-357,0,0,"male","PPVT","Hispanic","free lunch"
54,-269,0,0,"female","PPVT","Hispanic","free lunch"
57,-215,0,0,"male","PPVT","Missing","no free lunch"
51,-245,0,0,"male","PPVT","Missing","no free lunch"
37,13,1,1,"female","TVIP","Hispanic","free lunch"
75,-20,0,0,"male","PPVT","Missing","free lunch"
62,21,1,1,"male","PPVT","Black","no free lunch"
44,-353,0,0,"female","PPVT","Hispanic","free lunch"
68,-251,0,0,"male","PPVT","White","no free lunch"
65,-290,0,0,"female","PPVT","Hispanic","missing"
31,-25,0,0,"male","TVIP","Hispanic","free lunch"
67,24,1,0,"male","PPVT","Other","free lunch"
27,-112,0,0,"male","TVIP","Hispanic","free lunch"
88,54,1,1,"male","PPVT","Hispanic","missing"
70,-239,0,0,"male","PPVT","Black","no free lunch"
67,54,1,1,"female","PPVT","Black","free lunch"
46,237,1,1,"male","TVIP","Hispanic","free lunch"
30,62,1,1,"male","TVIP","Hispanic","free lunch"
30,-310,0,0,"female","PPVT","Hispanic","free lunch"
48,-177,0,0,"male","PPVT","Hispanic","free lunch"
66,-157,0,0,"female","PPVT","Black","free lunch"
51,73,1,1,"male","PPVT","Hispanic","free lunch"
49,67,1,1,"female","PPVT","Other","missing"
42,-132,0,0,"male","PPVT","Hispanic","missing"
50,40,1,0,"female","PPVT","Hispanic","free lunch"
69,-280,0,0,"male","PPVT","Black","missing"
79,233,1,1,"male","PPVT","Missing","no free lunch"
40,35,1,1,"male","TVIP","Hispanic","free lunch"
81,216,1,1,"male","PPVT","Hispanic","free lunch"
67,-256,0,0,"male","PPVT","Missing","no free lunch"
66,-226,0,0,"female","PPVT","White","no free lunch"
75,-56,0,0,"male","PPVT","Missing","no free lunch"
59,-23,0,0,"male","PPVT","Black","no free lunch"
69,-244,0,0,"male","PPVT","Missing","free lunch"
66,-111,0,0,"male","PPVT","Other","free lunch"
86,16,1,1,"male","PPVT","Missing","free lunch"
57,227,1,1,"male","PPVT","Hispanic","free lunch"
60,-352,0,0,"female","PPVT","White","free lunch"
69,105,1,1,"male","PPVT","Missing","missing"
102,244,1,1,"male","PPVT","Hispanic","free lunch"
49,-341,0,0,"male","PPVT","Missing","free lunch"
67,105,1,1,"female","PPVT","Hispanic","free lunch"
61,-351,0,0,"male","PPVT","Missing","no free lunch"
35,192,1,1,"female","TVIP","Hispanic","free lunch"
83,133,1,1,"male","PPVT","Black","no free lunch"
62,342,1,1,"male","PPVT","Hispanic","missing"
64,4,1,1,"male","PPVT","Black","missing"
43,-113,0,0,"male","PPVT","Hispanic","missing"
76,-81,0,0,"female","TVIP","Hispanic","missing"
70,32,1,1,"male","PPVT","White","free lunch"
32,-364,0,0,"male","PPVT","Black","free lunch"
28,-163,0,0,"male","TVIP","Hispanic","missing"
59,182,1,1,"male","PPVT","Hispanic","free lunch"
86,118,1,1,"female","PPVT","Hispanic","no free lunch"
36,-136,0,0,"male","TVIP","Hispanic","free lunch"
32,-152,0,0,"female","TVIP","Hispanic","free lunch"
57,-303,0,0,"female","PPVT","Hispanic","free lunch"
51,274,1,1,"male","TVIP","Hispanic","free lunch"
75,150,1,1,"female","PPVT","White","free lunch"
110,174,1,1,"male","PPVT","White","no free lunch"
59,258,1,1,"female","TVIP","Hispanic","missing"
30,-36,0,0,"male","TVIP","Hispanic","free lunch"
110,296,1,1,"male","PPVT","Missing","no free lunch"
51,53,1,1,"male","TVIP","Hispanic","no free lunch"
68,-26,0,0,"male","PPVT","Missing","no free lunch"
53,-145,0,0,"female","PPVT","Missing","free lunch"
67,175,1,1,"female","PPVT","Black","free lunch"
70,19,1,1,"female","PPVT","Black","no free lunch"
80,-179,0,0,"male","PPVT","White","no free lunch"
58,-54,0,0,"male","PPVT","Hispanic","free lunch"
75,42,1,1,"female","PPVT","Black","free lunch"
52,-307,0,0,"male","PPVT","Hispanic","missing"
54,273,1,1,"female","PPVT","Black","free lunch"
86,66,1,1,"female","PPVT","Black","free lunch"
73,179,1,1,"female","PPVT","Black","free lunch"
39,-229,0,0,"female","PPVT","Hispanic","free lunch"
67,120,1,1,"female","PPVT","Hispanic","free lunch"
78,-47,0,0,"female","PPVT","Hispanic","free lunch"
49,-272,0,0,"male","PPVT","Hispanic","free lunch"
61,-70,0,0,"male","PPVT","Missing","no free lunch"
55,243,1,1,"female","PPVT","Missing","free lunch"
77,-9,0,0,"male","PPVT","Black","missing"
69,113,1,1,"female","PPVT","White","no free lunch"
50,-91,0,0,"male","PPVT","Black","free lunch"
74,168,1,1,"male","PPVT","Hispanic","free lunch"
52,-118,0,0,"female","PPVT","Hispanic","free lunch"
67,119,1,0,"female","PPVT","Hispanic","free lunch"
39,-254,0,0,"female","PPVT","Hispanic","free lunch"
88,324,1,1,"male","PPVT","Other","no free lunch"
64,265,1,1,"male","PPVT","Hispanic","free lunch"
61,-22,0,0,"male","PPVT","Other","no free lunch"
68,213,1,1,"male","PPVT","Hispanic","free lunch"
82,-66,0,0,"female","PPVT","White","missing"
84,48,1,1,"male","PPVT","Hispanic","missing"
68,24,1,1,"male","PPVT","Black","free lunch"
73,11,1,1,"male","PPVT","Missing","no free lunch"
38,-258,0,0,"female","PPVT","Hispanic","free lunch"
62,262,1,1,"female","TVIP","Hispanic","free lunch"
47,-255,0,0,"male","TVIP","Hispanic","free lunch"
59,107,1,1,"male","PPVT","Black","free lunch"
56,-127,0,0,"male","PPVT","Hispanic","missing"
21,-263,0,0,"female","PPVT","Missing","free lunch"
61,228,1,1,"female","PPVT","Hispanic","free lunch"
42,54,1,1,"male","PPVT","Hispanic","free lunch"
78,50,1,1,"male","PPVT","Hispanic","no free lunch"
73,323,1,1,"male","PPVT","Missing","no free lunch"
24,-172,0,0,"male","TVIP","Hispanic","missing"
82,-72,0,0,"female","PPVT","Hispanic","missing"
71,-40,0,0,"female","PPVT","Hispanic","missing"
75,97,1,0,"female","PPVT","Black","no free lunch"
31,68,1,1,"female","TVIP","Hispanic","free lunch"
1,-37,0,1,"male","TVIP","Hispanic","free lunch"
52,-182,0,0,"male","PPVT","White","free lunch"
36,-248,0,0,"male","TVIP","Hispanic","free lunch"
40,-155,0,0,"male","PPVT","Other","free lunch"
47,-253,0,0,"male","PPVT","Other","free lunch"
78,238,1,1,"male","PPVT","Missing","free lunch"
58,218,1,1,"female","PPVT","Hispanic","missing"
60,70,1,1,"female","PPVT","Hispanic","free lunch"
51,220,1,1,"female","TVIP","Hispanic","free lunch"
48,-8,0,0,"female","PPVT","Hispanic","free lunch"
85,131,1,1,"female","PPVT","Missing","no free lunch"
48,-282,0,0,"female","TVIP","Hispanic","missing"
42,-291,0,0,"female","PPVT","Hispanic","free lunch"
52,-91,0,0,"male","PPVT","Black","no free lunch"
42,-267,0,0,"female","PPVT","Hispanic","free lunch"
47,119,1,1,"female","PPVT","Hispanic","free lunch"
59,-344,0,0,"male","PPVT","Black","missing"
36,-196,0,0,"male","TVIP","Hispanic","free lunch"
82,137,1,1,"male","PPVT","Hispanic","missing"
45,-139,0,0,"male","PPVT","Hispanic","missing"
29,-190,0,0,"male","TVIP","Hispanic","free lunch"
68,206,1,1,"female","PPVT","Hispanic","no free lunch"
51,336,1,1,"male","PPVT","Hispanic","free lunch"
34,-111,0,0,"female","TVIP","Hispanic","free lunch"
57,-71,0,1,"male","PPVT","Black","missing"
31,-217,0,0,"female","PPVT","Hispanic","missing"
34,-352,0,0,"male","PPVT","Missing","missing"
49,-140,0,0,"male","PPVT","Black","no free lunch"
56,-161,0,0,"female","PPVT","Other","free lunch"
57,350,1,1,"female","TVIP","Hispanic","missing"
51,-145,0,0,"male","PPVT","Other","free lunch"
66,140,1,1,"male","PPVT","Missing","free lunch"
58,143,1,1,"male","PPVT","Hispanic","no free lunch"
54,-346,0,0,"male","PPVT","Hispanic","free lunch"
56,-171,0,0,"male","PPVT","Hispanic","no free lunch"
81,189,1,1,"female","PPVT","Black","missing"
90,55,1,1,"female","PPVT","White","no free lunch"
64,-105,0,0,"male","PPVT","Missing","free lunch"
41,-309,0,0,"female","PPVT","Hispanic","free lunch"
96,346,1,1,"female","PPVT","Hispanic","free lunch"
80,113,1,1,"male","PPVT","Hispanic","free lunch"
65,-194,0,0,"male","PPVT","Black","free lunch"
49,275,1,1,"male","PPVT","Missing","free lunch"
73,-38,0,0,"male","PPVT","Black","no free lunch"
66,93,1,1,"female","PPVT","Hispanic","free lunch"
65,286,1,1,"female","PPVT","Black","free lunch"
37,-252,0,0,"male","PPVT","Black","free lunch"
61,273,1,1,"male","PPVT","Hispanic","free lunch"
99,29,1,1,"female","PPVT","White","no free lunch"
56,151,1,1,"male","PPVT","Missing","free lunch"
54,247,1,1,"female","PPVT","Black","free lunch"
56,-299,0,0,"male","PPVT","White","no free lunch"
68,266,1,1,"male","PPVT","Black","free lunch"
78,175,1,1,"male","PPVT","White","free lunch"
75,80,1,1,"female","PPVT","Hispanic","free lunch"
59,7,1,1,"male","PPVT","Missing","free lunch"
69,-115,0,0,"female","PPVT","White","free lunch"
42,-26,0,0,"male","PPVT","Black","free lunch"
83,292,1,1,"male","PPVT","Black","missing"
40,38,1,1,"male","PPVT","Hispanic","free lunch"
66,-74,0,0,"female","PPVT","Missing","free lunch"
51,-130,0,0,"male","PPVT","Missing","free lunch"
57,-273,0,0,"male","PPVT","Missing","no free lunch"
58,37,1,1,"female","TVIP","Hispanic","missing"
69,76,1,1,"female","PPVT","Hispanic","missing"
60,132,1,1,"male","PPVT","Other","free lunch"
44,173,1,1,"female","TVIP","Hispanic","free lunch"
44,-203,0,0,"female","PPVT","Hispanic","missing"
42,-306,0,0,"female","PPVT","Other","free lunch"
49,-254,0,0,"male","PPVT","Black","no free lunch"
63,-317,0,0,"male","PPVT","Black","no free lunch"
45,-207,0,0,"female","PPVT","Other","free lunch"
31,-87,0,0,"female","TVIP","Hispanic","free lunch"
61,-24,0,0,"male","PPVT","White","no free lunch"
94,137,1,1,"male","PPVT","Missing","free lunch"
57,62,1,1,"male","PPVT","Hispanic","missing"
64,-230,0,0,"female","PPVT","Hispanic","free lunch"
39,-237,0,0,"male","PPVT","Hispanic","no free lunch"
17,-323,0,0,"female","TVIP","Hispanic","free lunch"
41,-359,0,0,"male","PPVT","Missing","free lunch"
69,-141,0,1,"female","PPVT","Black","no free lunch"
58,-122,0,0,"male","PPVT","Black","no free lunch"
46,-171,0,0,"male","PPVT","Black","free lunch"
79,-132,0,0,"male","PPVT","Hispanic","missing"
64,-185,0,0,"male","PPVT","Hispanic","free lunch"
64,-329,0,0,"male","PPVT","Missing","no free lunch"
70,-64,0,0,"female","PPVT","Black","free lunch"
55,172,1,1,"female","PPVT","Hispanic","free lunch"
58,110,1,1,"male","PPVT","Black","free lunch"
59,-80,0,0,"male","PPVT","Missing","free lunch"
61,-212,0,0,"female","PPVT","White","free lunch"
90,43,1,1,"female","PPVT","White","no free lunch"
36,-152,0,0,"female","TVIP","Hispanic","free lunch"
45,51,1,1,"female","TVIP","Hispanic","free lunch"
79,282,1,1,"female","PPVT","Hispanic","free lunch"
48,-182,0,0,"female","PPVT","Missing","free lunch"
77,-118,0,0,"male","PPVT","Black","no free lunch"
64,234,1,1,"male","PPVT","Missing","no free lunch"
63,47,1,1,"male","PPVT","Hispanic","no free lunch"
52,-129,0,0,"female","PPVT","Black","free lunch"
34,-323,0,0,"female","TVIP","Hispanic","free lunch"
96,321,1,1,"male","PPVT","White","no free lunch"
81,312,1,1,"female","PPVT","Hispanic","no free lunch"
56,-85,0,0,"male","PPVT","Hispanic","missing"
55,-316,0,0,"female","PPVT","Black","free lunch"
38,61,1,1,"male","TVIP","Hispanic","free lunch"
56,-274,0,0,"male","PPVT","White","free lunch"
65,216,1,1,"male","PPVT","Hispanic","free lunch"
41,-349,0,0,"male","PPVT","Missing","free lunch"
65,169,1,1,"male","PPVT","Black","missing"
45,-184,0,0,"female","PPVT","Hispanic","free lunch"
61,79,1,1,"female","PPVT","Hispanic","free lunch"
56,141,1,1,"female","PPVT","Hispanic","missing"
72,289,1,1,"male","PPVT","Hispanic","free lunch"
57,198,1,1,"male","PPVT","Black","no free lunch"
68,293,1,1,"female","PPVT","Black","free lunch"
75,50,1,1,"female","PPVT","White","free lunch"
54,89,1,1,"female","TVIP","Hispanic","free lunch"
35,-124,0,0,"male","PPVT","Missing","free lunch"
39,-147,0,0,"female","TVIP","Hispanic","free lunch"
70,238,1,1,"male","PPVT","Missing","no free lunch"
51,-324,0,0,"female","PPVT","Black","no free lunch"
68,228,1,1,"male","PPVT","Missing","no free lunch"
74,125,1,1,"male","PPVT","Missing","free lunch"
46,-332,0,0,"male","PPVT","Other","no free lunch"
62,65,1,1,"female","PPVT","Hispanic","free lunch"
59,-191,0,0,"female","TVIP","Hispanic","missing"
42,-325,0,0,"female","PPVT","White","free lunch"
64,-95,0,0,"female","TVIP","Hispanic","missing"
38,-54,0,0,"male","PPVT","Black","no free lunch"
68,245,1,1,"female","PPVT","Hispanic","free lunch"
86,53,1,1,"female","PPVT","Missing","free lunch"
57,-247,0,0,"male","PPVT","Black","no free lunch"
80,256,1,1,"female","PPVT","Missing","no free lunch"
40,76,1,1,"female","TVIP","Hispanic","free lunch"
63,26,1,1,"female","PPVT","Missing","free lunch"
43,-195,0,0,"male","PPVT","Hispanic","free lunch"
88,286,1,1,"female","PPVT","Hispanic","free lunch"
86,302,1,1,"female","PPVT","Hispanic","free lunch"
46,363,1,1,"male","TVIP","Hispanic","no free lunch"
35,-165,0,0,"male","TVIP","Hispanic","no free lunch"
43,-299,0,0,"male","PPVT","Missing","free lunch"
64,-79,0,0,"female","PPVT","Missing","no free lunch"
75,-246,0,0,"female","PPVT","White","free lunch"
30,114,1,1,"male","PPVT","Hispanic","missing"
64,96,1,1,"male","PPVT","Missing","no free lunch"
45,219,1,1,"male","TVIP","Hispanic","free lunch"
85,359,1,1,"female","PPVT","Hispanic","free lunch"
72,144,1,1,"female","TVIP","Hispanic","no free lunch"
85,280,1,1,"male","PPVT","Missing","free lunch"
88,322,1,1,"male","PPVT","Other","free lunch"
54,-265,0,0,"female","PPVT","Hispanic","free lunch"
43,-33,0,0,"female","TVIP","Hispanic","free lunch"
74,103,1,1,"female","PPVT","Missing","missing"
69,-136,0,0,"female","PPVT","Hispanic","free lunch"
63,99,1,1,"male","PPVT","Hispanic","missing"
37,-359,0,0,"female","PPVT","Black","missing"
48,-26,0,0,"female","PPVT","Hispanic","free lunch"
61,-174,0,0,"male","PPVT","Black","no free lunch"
50,153,1,1,"male","PPVT","Hispanic","missing"
62,10,1,0,"female","PPVT","Missing","free lunch"
23,-99,0,0,"male","TVIP","Hispanic","free lunch"
42,-32,0,0,"female","TVIP","Hispanic","free lunch"
73,-145,0,0,"female","PPVT","White","free lunch"
63,-343,0,0,"female","PPVT","Missing","free lunch"
61,341,1,1,"male","TVIP","Black","missing"
80,-24,0,0,"female","PPVT","White","no free lunch"
25,-142,0,0,"female","TVIP","Hispanic","free lunch"
76,-92,0,0,"female","PPVT","Black","no free lunch"
59,-31,0,0,"male","PPVT","Black","free lunch"
50,34,1,1,"female","TVIP","Hispanic","free lunch"
66,-73,0,0,"male","PPVT","White","no free lunch"
77,147,1,1,"male","PPVT","Missing","free lunch"
68,96,1,1,"female","PPVT","Black","free lunch"
85,-58,0,0,"male","PPVT","Hispanic","free lunch"
34,-353,0,0,"female","TVIP","Hispanic","free lunch"
89,329,1,1,"male","PPVT","Black","free lunch"
76,61,1,1,"male","PPVT","Missing","no free lunch"
78,89,1,1,"female","PPVT","Hispanic","free lunch"
33,-62,0,0,"female","PPVT","Black","free lunch"
68,164,1,1,"male","PPVT","Missing","free lunch"
33,-20,0,0,"female","TVIP","Hispanic","free lunch"
55,-309,0,0,"male","PPVT","Missing","no free lunch"
59,72,1,1,"male","PPVT","Hispanic","free lunch"
48,-133,0,0,"male","PPVT","Hispanic","missing"
53,73,1,1,"male","TVIP","Hispanic","free lunch"
64,-137,0,0,"female","PPVT","Black","free lunch"
45,210,1,1,"female","PPVT","Hispanic","free lunch"
68,253,1,1,"female","PPVT","Hispanic","free lunch"
59,-89,0,0,"male","PPVT","Missing","free lunch"
40,-265,0,0,"male","PPVT","Missing","free lunch"
40,-91,0,0,"female","PPVT","Hispanic","missing"
67,-234,0,0,"female","PPVT","Hispanic","no free lunch"
27,-152,0,0,"female","TVIP","Hispanic","free lunch"
51,258,1,1,"male","PPVT","Hispanic","missing"
78,311,1,1,"male","PPVT","Black","no free lunch"
68,-310,0,0,"female","PPVT","Other","free lunch"
56,-101,0,0,"female","TVIP","Hispanic","free lunch"
65,147,1,1,"male","PPVT","Hispanic","no free lunch"
43,122,1,1,"female","TVIP","Hispanic","free lunch"
55,-257,0,0,"male","PPVT","Missing","free lunch"
48,-303,0,0,"female","PPVT","Hispanic","missing"
68,25,1,1,"male","PPVT","Black","no free lunch"
69,155,1,1,"female","PPVT","Missing","free lunch"
46,-51,0,0,"female","TVIP","Hispanic","free lunch"
47,10,1,1,"female","TVIP","Hispanic","free lunch"
53,-149,0,0,"male","PPVT","Other","no free lunch"
23,-248,0,0,"female","TVIP","Hispanic","free lunch"
48,28,1,1,"male","PPVT","Hispanic","missing"
32,-24,0,0,"female","TVIP","Hispanic","free lunch"
17,-253,0,0,"male","TVIP","Hispanic","free lunch"
62,314,1,1,"male","PPVT","White","free lunch"
67,121,1,1,"male","PPVT","Hispanic","missing"
39,15,1,1,"female","TVIP","Hispanic","free lunch"
80,316,1,1,"male","PPVT","Hispanic","free lunch"
47,194,1,1,"female","PPVT","Hispanic","free lunch"
55,-78,0,0,"male","PPVT","Hispanic","missing"
88,129,1,1,"female","PPVT","Hispanic","no free lunch"
30,224,1,1,"female","TVIP","Hispanic","no free lunch"
81,19,1,1,"female","PPVT","Other","free lunch"
66,-283,0,0,"female","PPVT","Hispanic","free lunch"
83,331,1,1,"female","PPVT","Black","free lunch"
23,-344,0,0,"female","TVIP","Hispanic","free lunch"
54,-252,0,0,"female","PPVT","Hispanic","missing"
45,-215,0,0,"female","PPVT","Hispanic","free lunch"
47,291,1,1,"female","TVIP","Hispanic","free lunch"
59,199,1,1,"female","PPVT","Hispanic","no free lunch"
60,340,1,1,"female","PPVT","Hispanic","free lunch"
84,204,1,1,"female","PPVT","Hispanic","free lunch"
65,343,1,1,"female","PPVT","Hispanic","missing"
39,-338,0,0,"female","PPVT","Black","missing"
52,-9,0,0,"female","PPVT","Hispanic","free lunch"
67,25,1,1,"male","PPVT","Hispanic","free lunch"
27,-99,0,0,"male","TVIP","Hispanic","free lunch"
55,-53,0,0,"male","PPVT","Missing","free lunch"
85,300,1,1,"female","PPVT","Other","free lunch"
58,-314,0,0,"female","PPVT","White","free lunch"
62,39,1,1,"female","PPVT","Hispanic","free lunch"
78,137,1,1,"female","PPVT","Missing","free lunch"
61,208,1,1,"male","PPVT","Black","no free lunch"
45,-113,0,0,"female","PPVT","Hispanic","no free lunch"
30,-47,0,0,"male","TVIP","Hispanic","free lunch"
31,-50,0,1,"female","PPVT","Hispanic","free lunch"
41,-232,0,0,"male","TVIP","Hispanic","free lunch"
23,-355,0,0,"female","TVIP","Hispanic","free lunch"
55,121,1,1,"male","PPVT","Missing","missing"
75,250,1,1,"female","PPVT","Hispanic","free lunch"
87,255,1,1,"male","PPVT","Missing","no free lunch"
54,145,1,1,"female","TVIP","Hispanic","free lunch"
80,52,1,1,"female","PPVT","Black","no free lunch"
80,76,1,1,"male","PPVT","White","free lunch"
65,114,1,1,"male","PPVT","Hispanic","free lunch"
64,-111,0,0,"female","PPVT","Missing","no free lunch"
41,-21,0,0,"female","TVIP","Hispanic","free lunch"
35,-114,0,0,"male","TVIP","Hispanic","free lunch"
66,112,1,1,"male","PPVT","Black","free lunch"
65,65,1,1,"male","PPVT","Missing","no free lunch"
52,-209,0,0,"female","PPVT","Missing","free lunch"
58,-168,0,0,"female","PPVT","Missing","free lunch"
56,-302,0,0,"female","TVIP","Hispanic","no free lunch"
66,149,1,1,"male","PPVT","Missing","no free lunch"
71,184,1,1,"male","PPVT","Black","no free lunch"
47,232,1,1,"female","TVIP","Hispanic","free lunch"
87,321,1,1,"male","PPVT","White","no free lunch"
82,306,1,1,"male","PPVT","Black","free lunch"
57,-3,0,0,"female","PPVT","Black","free lunch"
48,-201,0,0,"female","PPVT","Hispanic","free lunch"
73,229,1,1,"male","PPVT","Hispanic","free lunch"
58,-6,0,0,"male","PPVT","Missing","no free lunch"
62,157,1,1,"female","PPVT","Hispanic","free lunch"
59,39,1,1,"male","PPVT","Missing","free lunch"
77,237,1,1,"female","PPVT","Hispanic","free lunch"
44,-235,0,0,"male","PPVT","Hispanic","free lunch"
67,25,1,1,"female","PPVT","Hispanic","free lunch"
58,158,1,1,"male","TVIP","Hispanic","no free lunch"
79,348,1,1,"female","PPVT","White","free lunch"
70,85,1,1,"male","PPVT","White","no free lunch"
65,-67,0,0,"male","PPVT","Hispanic","free lunch"
43,-223,0,0,"female","PPVT","Hispanic","no free lunch"
71,-241,0,0,"female","PPVT","Black","no free lunch"
42,-213,0,0,"male","PPVT","Black","free lunch"
69,17,1,0,"female","PPVT","Missing","missing"
74,132,1,1,"female","PPVT","Hispanic","free lunch"
60,-184,0,0,"male","PPVT","Missing","free lunch"
75,156,1,1,"male","PPVT","Black","missing"
39,-83,0,0,"female","TVIP","Hispanic","free lunch"
59,307,1,1,"female","PPVT","Hispanic","free lunch"
58,-98,0,0,"male","PPVT","Hispanic","free lunch"
68,17,1,1,"male","PPVT","White","no free lunch"
68,-263,0,0,"female","PPVT","Other","free lunch"
45,-161,0,0,"male","PPVT","Black","missing"
74,-59,0,0,"male","PPVT","Black","free lunch"
47,77,1,1,"male","TVIP","Hispanic","no free lunch"
85,-223,0,1,"male","PPVT","Missing","no free lunch"
72,262,1,1,"female","PPVT","White","free lunch"
78,136,1,1,"male","PPVT","Hispanic","no free lunch"
76,-43,0,0,"male","PPVT","Other","no free lunch"
50,114,1,1,"female","PPVT","Missing","free lunch"
45,-174,0,0,"female","PPVT","Hispanic","free lunch"
87,132,1,1,"male","PPVT","Other","no free lunch"
81,145,1,1,"male","PPVT","White","free lunch"
83,-87,0,0,"female","PPVT","Hispanic","no free lunch"
80,266,1,1,"male","PPVT","White","free lunch"
33,-172,0,0,"female","TVIP","Hispanic","free lunch"
33,-140,0,0,"male","PPVT","Hispanic","free lunch"
59,138,1,1,"male","TVIP","Hispanic","free lunch"
48,119,1,1,"male","PPVT","Hispanic","free lunch"
44,-296,0,0,"female","PPVT","White","missing"
79,-262,0,0,"female","PPVT","Black","no free lunch"
64,303,1,1,"female","TVIP","Hispanic","no free lunch"
58,-171,0,0,"female","PPVT","Hispanic","free lunch"
89,180,1,1,"female","PPVT","Black","no free lunch"
51,218,1,1,"female","TVIP","Hispanic","free lunch"
43,-282,0,0,"female","PPVT","Missing","free lunch"
49,-18,0,0,"male","PPVT","Hispanic","missing"
62,42,1,1,"female","PPVT","Hispanic","free lunch"
66,-23,0,0,"male","PPVT","Missing","free lunch"
78,289,1,1,"female","PPVT","White","no free lunch"
60,117,1,1,"male","PPVT","Black","free lunch"
89,60,1,1,"female","PPVT","White","missing"
37,-304,0,0,"male","PPVT","Hispanic","no free lunch"
83,117,1,1,"female","PPVT","Missing","missing"
65,-315,0,0,"female","PPVT","Missing","free lunch"
29,-314,0,0,"female","TVIP","Hispanic","free lunch"
39,35,1,1,"male","TVIP","Hispanic","free lunch"
58,296,1,0,"female","TVIP","Hispanic","missing"
78,280,1,1,"male","PPVT","Black","missing"
56,-132,0,0,"male","PPVT","Black","no free lunch"
83,-74,0,0,"male","PPVT","White","no free lunch"
37,-167,0,0,"female","PPVT","Black","free lunch"
44,-99,0,0,"female","PPVT","Hispanic","free lunch"
92,122,1,1,"male","PPVT","Hispanic","missing"
43,-339,0,0,"male","PPVT","Hispanic","no free lunch"
62,-345,0,0,"female","PPVT","White","free lunch"
48,-327,0,0,"female","PPVT","Hispanic","free lunch"
55,-247,0,0,"male","PPVT","Other","free lunch"
46,-79,0,0,"female","PPVT","Black","free lunch"
55,-149,0,0,"female","PPVT","Hispanic","missing"
43,-338,0,0,"female","PPVT","Hispanic","free lunch"
61,-159,0,0,"male","PPVT","Other","no free lunch"
50,-66,0,0,"female","PPVT","Hispanic","free lunch"
47,-178,0,0,"male","PPVT","Black","missing"
51,337,1,1,"female","TVIP","Hispanic","free lunch"
55,-155,0,0,"male","PPVT","Missing","free lunch"
53,-49,0,0,"female","PPVT","Hispanic","missing"
48,-26,0,0,"male","PPVT","Hispanic","free lunch"
59,211,1,1,"female","PPVT","Hispanic","missing"
73,-103,0,0,"male","PPVT","Black","free lunch"
36,-244,0,0,"female","PPVT","Hispanic","missing"
51,-7,0,0,"female","PPVT","Hispanic","missing"
45,-346,0,0,"male","PPVT","Black","free lunch"
58,-5,0,0,"male","PPVT","Black","free lunch"
74,337,1,1,"male","PPVT","Black","no free lunch"
22,-165,0,0,"male","TVIP","Hispanic","free lunch"
85,295,1,1,"male","PPVT","Hispanic","free lunch"
47,-219,0,0,"male","PPVT","Black","missing"
65,266,1,1,"male","PPVT","Hispanic","free lunch"
15,-347,0,0,"female","TVIP","Hispanic","free lunch"
67,-248,0,0,"male","PPVT","White","no free lunch"
77,252,1,1,"male","PPVT","Missing","no free lunch"
55,146,1,1,"male","PPVT","Black","free lunch"
61,-224,0,0,"male","PPVT","Hispanic","missing"
60,-204,0,0,"male","PPVT","White","missing"
69,-245,0,0,"male","PPVT","Hispanic","no free lunch"
57,146,1,1,"female","PPVT","Black","free lunch"
57,74,1,1,"female","TVIP","Hispanic","free lunch"
77,41,1,1,"male","PPVT","Missing","free lunch"
61,-135,0,0,"male","PPVT","Hispanic","free lunch"
56,-320,0,0,"male","PPVT","Missing","no free lunch"
43,-116,0,0,"female","PPVT","Hispanic","free lunch"
63,-206,0,0,"male","PPVT","Black","missing"
51,-47,0,0,"female","PPVT","Hispanic","free lunch"
62,-364,0,0,"female","PPVT","Black","free lunch"
75,364,1,1,"male","PPVT","Black","free lunch"
83,224,1,1,"male","PPVT","Hispanic","free lunch"
35,-189,0,0,"male","PPVT","Hispanic","free lunch"
62,55,1,1,"female","PPVT","White","free lunch"
47,-195,0,0,"male","PPVT","Black","free lunch"
70,220,1,1,"female","PPVT","Black","free lunch"
54,-196,0,0,"female","PPVT","Hispanic","free lunch"
69,-156,0,0,"male","PPVT","Black","no free lunch"
71,164,1,1,"male","PPVT","Hispanic","missing"
66,281,1,1,"male","PPVT","Hispanic","free lunch"
78,154,1,1,"male","PPVT","Black","free lunch"
74,332,1,1,"female","PPVT","Black","missing"
32,-321,0,0,"female","PPVT","White","free lunch"
56,-17,0,0,"male","PPVT","Hispanic","no free lunch"
64,331,1,1,"male","PPVT","Missing","free lunch"
80,203,1,1,"female","PPVT","Other","free lunch"
75,-134,0,0,"male","PPVT","Missing","no free lunch"
70,-9,0,0,"male","PPVT","White","no free lunch"
52,47,1,1,"male","PPVT","White","free lunch"
61,294,1,1,"female","PPVT","Missing","no free lunch"
58,225,1,1,"female","TVIP","Hispanic","free lunch"
66,-191,0,0,"male","PPVT","Missing","no free lunch"
92,8,1,1,"male","PPVT","Missing","no free lunch"
67,-204,0,0,"male","PPVT","Hispanic","no free lunch"
75,262,1,1,"female","PPVT","Missing","free lunch"
41,-299,0,0,"male","PPVT","Hispanic","missing"
75,78,1,1,"male","PPVT","White","no free lunch"
69,115,1,1,"female","PPVT","Missing","free lunch"
72,206,1,1,"male","PPVT","Black","no free lunch"
71,59,1,1,"male","PPVT","Missing","missing"
59,288,1,1,"female","PPVT","Hispanic","free lunch"
46,-65,0,0,"female","PPVT","Hispanic","free lunch"
64,-61,0,0,"female","PPVT","Black","free lunch"
47,-317,0,0,"male","PPVT","Missing","free lunch"
45,-172,0,0,"female","PPVT","Hispanic","free lunch"
84,68,1,1,"male","PPVT","White","free lunch"
86,111,1,1,"female","PPVT","White","missing"
48,-124,0,0,"male","PPVT","Missing","missing"
77,-58,0,0,"female","PPVT","White","free lunch"
85,263,1,1,"female","PPVT","White","free lunch"
46,-349,0,0,"female","PPVT","Missing","free lunch"
73,82,1,1,"male","PPVT","Black","free lunch"
83,250,1,1,"male","PPVT","Black","free lunch"
77,-163,0,0,"female","PPVT","Black","no free lunch"
41,-33,0,0,"female","TVIP","Hispanic","free lunch"
38,-255,0,0,"female","TVIP","Hispanic","free lunch"
84,338,1,1,"female","PPVT","Missing","no free lunch"
62,193,1,1,"female","PPVT","Hispanic","free lunch"
40,127,1,1,"male","PPVT","Hispanic","missing"
49,-214,0,0,"female","PPVT","Hispanic","free lunch"
60,103,1,1,"male","PPVT","Hispanic","no free lunch"
70,117,1,1,"female","PPVT","White","no free lunch"
35,-348,0,0,"female","PPVT","Hispanic","missing"
50,-56,0,0,"female","PPVT","Hispanic","free lunch"
70,277,1,1,"male","PPVT","Hispanic","missing"
23,-117,0,0,"male","TVIP","Hispanic","free lunch"
65,103,1,1,"female","PPVT","Hispanic","missing"
75,59,1,1,"female","PPVT","Hispanic","free lunch"
82,317,1,1,"male","TVIP","Hispanic","free lunch"
88,81,1,1,"female","PPVT","Other","free lunch"
45,-268,0,0,"male","TVIP","Hispanic","free lunch"
69,-166,0,0,"female","PPVT","Black","missing"
97,8,1,1,"male","PPVT","Missing","free lunch"
73,160,1,1,"male","PPVT","Hispanic","free lunch"
35,111,1,1,"male","TVIP","Hispanic","free lunch"
38,80,1,1,"female","PPVT","Hispanic","free lunch"
48,-318,0,0,"female","TVIP","Hispanic","free lunch"
58,295,1,1,"female","TVIP","Hispanic","free lunch"
68,161,1,1,"male","PPVT","Missing","missing"
45,-312,0,0,"female","PPVT","Hispanic","missing"
51,-263,0,0,"female","PPVT","White","free lunch"
38,-275,0,0,"female","PPVT","Other","free lunch"
77,55,1,1,"male","PPVT","Hispanic","no free lunch"
65,-14,0,0,"male","PPVT","Hispanic","free lunch"
82,52,1,1,"male","PPVT","Black","free lunch"
76,47,1,1,"female","PPVT","Hispanic","missing"
75,-216,0,0,"male","PPVT","White","free lunch"
68,238,1,1,"male","PPVT","White","missing"
80,338,1,1,"male","PPVT","Missing","no free lunch"
99,-112,0,0,"male","PPVT","Missing","no free lunch"
81,169,1,1,"female","PPVT","White","free lunch"
60,-156,0,0,"female","PPVT","White","free lunch"
70,-161,0,0,"male","PPVT","Hispanic","no free lunch"
83,315,1,1,"female","PPVT","Missing","missing"
22,-135,0,0,"male","TVIP","Hispanic","free lunch"
25,-134,0,0,"female","TVIP","Hispanic","free lunch"
72,-105,0,0,"male","PPVT","Missing","no free lunch"
53,-200,0,0,"female","TVIP","Hispanic","free lunch"
64,100,1,1,"female","PPVT","Hispanic","free lunch"
77,-252,0,0,"male","PPVT","Black","free lunch"
48,47,1,1,"male","PPVT","Hispanic","missing"
58,-259,0,0,"male","PPVT","Hispanic","free lunch"
53,-157,0,0,"male","PPVT","Missing","missing"
72,-175,0,0,"female","PPVT","Black","no free lunch"
70,353,1,1,"female","PPVT","Black","free lunch"
75,306,1,1,"male","TVIP","Hispanic","free lunch"
74,195,1,1,"female","PPVT","Black","free lunch"
80,-20,0,0,"male","PPVT","White","missing"
69,4,1,1,"male","PPVT","Black","free lunch"
61,-15,0,0,"female","PPVT","Black","missing"
69,-318,0,0,"female","PPVT","White","no free lunch"
47,142,1,1,"female","PPVT","Hispanic","free lunch"
60,-59,0,0,"male","PPVT","Missing","free lunch"
71,81,1,1,"female","PPVT","Hispanic","missing"
81,299,1,1,"female","PPVT","Black","free lunch"
101,-13,0,0,"male","PPVT","Black","missing"
74,-20,0,0,"male","PPVT","Missing","no free lunch"
67,353,1,1,"female","PPVT","Hispanic","free lunch"
70,267,1,1,"female","PPVT","Hispanic","missing"
71,72,1,1,"male","PPVT","Black","free lunch"
43,155,1,1,"male","PPVT","Black","free lunch"
45,-201,0,0,"male","PPVT","Hispanic","missing"
57,-96,0,0,"female","PPVT","Black","free lunch"
47,349,1,1,"male","PPVT","Hispanic","free lunch"
58,159,1,1,"female","PPVT","Hispanic","free lunch"
82,-202,0,0,"male","PPVT","Black","missing"
35,-153,0,0,"male","PPVT","Hispanic","missing"
68,149,1,1,"male","PPVT","Black","free lunch"
60,26,1,1,"female","PPVT","Hispanic","free lunch"
17,-356,0,0,"female","TVIP","Hispanic","missing"
28,-278,0,0,"female","TVIP","Hispanic","free lunch"
33,-302,0,0,"female","PPVT","Hispanic","missing"
61,70,1,1,"female","TVIP","Hispanic","free lunch"
77,256,1,1,"female","PPVT","Hispanic","free lunch"
72,187,1,1,"female","PPVT","White","free lunch"
67,98,1,1,"male","PPVT","Black","free lunch"
50,-339,0,0,"male","PPVT","Hispanic","no free lunch"
76,276,1,1,"female","PPVT","White","free lunch"
60,-102,0,0,"female","PPVT","Black","free lunch"
57,326,1,1,"female","TVIP","Hispanic","missing"
59,-63,0,0,"female","PPVT","Hispanic","free lunch"
74,-80,0,0,"female","PPVT","Hispanic","missing"
65,-166,0,0,"male","PPVT","Missing","free lunch"
92,-276,0,0,"female","PPVT","White","no free lunch"
75,-84,0,0,"male","PPVT","Black","no free lunch"
45,225,1,1,"female","TVIP","Hispanic","free lunch"
47,220,1,1,"female","TVIP","Hispanic","free lunch"
70,70,1,1,"female","PPVT","Other","free lunch"
76,347,1,1,"male","PPVT","Hispanic","free lunch"
31,-8,0,0,"female","TVIP","Hispanic","missing"
39,-168,0,0,"female","TVIP","Hispanic","missing"
61,-23,0,0,"female","PPVT","Missing","free lunch"
52,-10,0,0,"male","TVIP","Hispanic","free lunch"
51,-350,0,0,"male","PPVT","Hispanic","free lunch"
82,134,1,1,"male","PPVT","Black","no free lunch"
77,17,1,1,"male","PPVT","Black","no free lunch"
68,-245,0,0,"male","PPVT","Missing","missing"
34,-139,0,0,"female","TVIP","Hispanic","free lunch"
97,58,1,1,"male","PPVT","Hispanic","no free lunch"
65,134,1,1,"male","PPVT","Black","missing"
44,-258,0,0,"male","PPVT","Hispanic","missing"
71,199,1,1,"male","PPVT","White","no free lunch"
31,-76,0,0,"male","TVIP","Hispanic","missing"
52,49,1,1,"male","PPVT","Hispanic","free lunch"
27,91,1,1,"male","TVIP","Hispanic","free lunch"
82,-18,0,0,"female","PPVT","Black","missing"
59,91,1,1,"male","PPVT","Hispanic","no free lunch"
79,173,1,1,"male","PPVT","White","no free lunch"
65,-116,0,0,"female","PPVT","Missing","free lunch"
47,-313,0,0,"male","PPVT","Other","free lunch"
42,-323,0,0,"male","PPVT","Black","free lunch"
31,-221,0,0,"male","TVIP","Hispanic","free lunch"
53,-249,0,0,"male","TVIP","Hispanic","free lunch"
59,141,1,1,"female","PPVT","Hispanic","missing"
46,-242,0,0,"male","PPVT","Black","no free lunch"
62,172,1,1,"female","PPVT","Hispanic","free lunch"
52,-153,0,0,"female","PPVT","Hispanic","free lunch"
63,275,1,1,"male","PPVT","Hispanic","free lunch"
38,345,1,1,"male","TVIP","Hispanic","free lunch"
76,110,1,0,"male","PPVT","White","free lunch"
65,12,1,1,"female","PPVT","Black","free lunch"
59,-40,0,0,"male","PPVT","Hispanic","missing"
76,182,1,1,"male","PPVT","Other","no free lunch"
57,-265,0,0,"male","PPVT","Hispanic","missing"
59,25,1,1,"male","PPVT","Hispanic","no free lunch"
44,-330,0,0,"male","PPVT","Hispanic","missing"
34,-61,0,0,"female","TVIP","Hispanic","missing"
77,270,1,1,"male","PPVT","Hispanic","missing"
92,243,1,1,"female","PPVT","Other","free lunch"
78,157,1,1,"male","PPVT","Missing","no free lunch"
34,-13,0,0,"female","TVIP","Hispanic","free lunch"
56,-172,0,0,"female","PPVT","Hispanic","no free lunch"
68,-246,0,0,"female","PPVT","White","no free lunch"
67,-234,0,0,"female","PPVT","White","no free lunch"
45,-147,0,0,"male","PPVT","Hispanic","free lunch"
67,248,1,0,"female","PPVT","Hispanic","no free lunch"
82,201,1,1,"male","PPVT","Hispanic","missing"
74,-229,0,0,"male","PPVT","Hispanic","no free lunch"
84,252,1,1,"female","PPVT","White","free lunch"
90,297,1,1,"female","PPVT","White","no free lunch"
52,-348,0,0,"male","PPVT","Black","missing"
38,97,1,1,"male","TVIP","Hispanic","free lunch"
95,178,1,1,"female","PPVT","Black","missing"
66,289,1,1,"male","PPVT","Black","free lunch"
48,-206,0,0,"male","PPVT","Black","free lunch"
81,354,1,1,"male","PPVT","Missing","no free lunch"
76,144,1,1,"female","PPVT","Black","missing"
84,341,1,1,"female","PPVT","Hispanic","free lunch"
64,-322,0,0,"female","PPVT","Black","free lunch"
37,195,1,1,"female","TVIP","Hispanic","free lunch"
81,101,1,1,"male","PPVT","Hispanic","missing"
36,-208,0,0,"male","TVIP","Hispanic","free lunch"
62,-219,0,0,"female","PPVT","Missing","free lunch"
62,-226,0,0,"male","PPVT","Black","no free lunch"
54,-54,0,0,"female","PPVT","Hispanic","free lunch"
66,-284,0,0,"male","PPVT","Black","free lunch"
82,9,1,1,"female","PPVT","Missing","free lunch"
88,325,1,1,"female","PPVT","Hispanic","free lunch"
63,-190,0,0,"male","PPVT","Other","free lunch"
64,139,1,1,"female","PPVT","Black","free lunch"
55,-241,0,0,"female","PPVT","Hispanic","free lunch"
64,324,1,1,"female","PPVT","Black","free lunch"
83,278,1,1,"female","PPVT","Hispanic","free lunch"
83,173,1,1,"male","PPVT","Black","no free lunch"
56,-3,0,0,"female","PPVT","Hispanic","free lunch"
34,-261,0,0,"male","TVIP","Hispanic","missing"
54,331,1,1,"male","TVIP","Hispanic","free lunch"
37,-333,0,0,"female","PPVT","Other","free lunch"
68,287,1,1,"male","PPVT","Black","free lunch"
43,-253,0,0,"male","PPVT","Missing","no free lunch"
66,9,1,1,"male","PPVT","Missing","no free lunch"
79,-66,0,0,"female","PPVT","Hispanic","no free lunch"
90,77,1,1,"female","PPVT","Missing","free lunch"
101,286,1,1,"female","PPVT","White","no free lunch"
78,283,1,1,"male","PPVT","Hispanic","missing"
31,-160,0,0,"male","TVIP","Hispanic","missing"
50,-233,0,0,"female","PPVT","Hispanic","free lunch"
62,254,1,1,"female","PPVT","Hispanic","free lunch"
50,310,1,1,"male","PPVT","Hispanic","free lunch"
75,-56,0,0,"female","PPVT","Hispanic","free lunch"
70,207,1,1,"male","TVIP","Hispanic","no free lunch"
57,-120,0,0,"female","PPVT","Hispanic","free lunch"
78,-248,0,0,"female","PPVT","Black","no free lunch"
61,-359,0,0,"female","PPVT","Missing","no free lunch"
63,74,1,1,"male","PPVT","White","no free lunch"
73,328,1,1,"female","PPVT","Missing","no free lunch"
40,-198,0,0,"male","PPVT","Hispanic","free lunch"
51,-204,0,0,"male","PPVT","Other","free lunch"
49,-224,0,0,"male","PPVT","Hispanic","free lunch"
55,200,1,1,"female","PPVT","Hispanic","free lunch"
60,-259,0,0,"female","PPVT","Hispanic","no free lunch"
76,315,1,1,"female","PPVT","White","no free lunch"
45,340,1,1,"male","TVIP","Hispanic","free lunch"
86,177,1,1,"male","PPVT","Black","missing"
58,-58,0,0,"female","PPVT","Black","missing"
78,138,1,1,"male","PPVT","Hispanic","missing"
83,322,1,1,"male","PPVT","Missing","no free lunch"
32,-73,0,0,"male","TVIP","Hispanic","missing"
56,124,1,1,"male","PPVT","Hispanic","free lunch"
47,-180,0,0,"female","TVIP","Hispanic","free lunch"
29,67,1,1,"male","TVIP","Hispanic","free lunch"
38,155,1,1,"female","TVIP","Hispanic","free lunch"
46,-273,0,0,"female","TVIP","Hispanic","free lunch"
40,-206,0,0,"female","TVIP","Hispanic","free lunch"
37,39,1,1,"male","TVIP","Hispanic","free lunch"
72,222,1,1,"female","PPVT","Hispanic","free lunch"
73,-26,0,1,"female","PPVT","White","free lunch"
80,236,1,1,"male","PPVT","Hispanic","no free lunch"
56,190,1,1,"female","PPVT","White","free lunch"
72,-209,0,0,"female","PPVT","Missing","free lunch"
92,320,1,0,"male","PPVT","Hispanic","free lunch"
48,301,1,1,"male","TVIP","Hispanic","free lunch"
57,-298,0,0,"female","PPVT","Hispanic","missing"
70,5,1,1,"female","PPVT","Hispanic","free lunch"
79,130,1,1,"male","PPVT","Hispanic","free lunch"
52,-279,0,0,"female","PPVT","Hispanic","missing"
57,-136,0,0,"male","PPVT","Hispanic","free lunch"
85,98,1,1,"female","PPVT","Black","missing"
50,-34,0,0,"female","PPVT","Hispanic","free lunch"
73,161,1,1,"female","PPVT","Hispanic","free lunch"
114,126,1,1,"female","PPVT","White","no free lunch"
59,-309,0,0,"female","PPVT","White","no free lunch"
46,-265,0,0,"female","PPVT","Hispanic","free lunch"
61,252,1,1,"female","PPVT","Black","free lunch"
48,31,1,1,"male","PPVT","Black","free lunch"
61,91,1,1,"male","PPVT","Hispanic","free lunch"
96,293,1,1,"male","PPVT","Hispanic","missing"
88,-140,0,1,"male","PPVT","White","no free lunch"
48,-279,0,0,"male","PPVT","Hispanic","missing"
86,-41,0,0,"male","PPVT","Missing","no free lunch"
44,-46,0,0,"male","PPVT","Hispanic","missing"
44,-309,0,0,"female","PPVT","Hispanic","free lunch"
68,-124,0,0,"female","PPVT","Other","free lunch"
78,161,1,1,"female","PPVT","Missing","no free lunch"
58,269,1,1,"female","PPVT","Black","free lunch"
64,224,1,1,"male","PPVT","Black","no free lunch"
63,-248,0,0,"female","PPVT","Other","free lunch"
84,128,1,1,"male","PPVT","Black","missing"
74,254,1,1,"female","PPVT","Missing","no free lunch"
54,-301,0,0,"female","PPVT","Other","free lunch"
61,19,1,1,"female","PPVT","Hispanic","free lunch"
62,175,1,1,"female","PPVT","Hispanic","missing"
42,305,1,1,"female","TVIP","Hispanic","free lunch"
66,20,1,1,"female","PPVT","White","free lunch"
76,324,1,1,"male","PPVT","White","no free lunch"
33,3,1,1,"female","TVIP","Hispanic","free lunch"
63,-41,0,0,"female","PPVT","Missing","no free lunch"
39,192,1,1,"female","TVIP","Hispanic","free lunch"
79,206,1,1,"female","PPVT","Black","free lunch"
80,27,1,1,"male","PPVT","Black","free lunch"
51,327,1,1,"male","TVIP","Hispanic","missing"
39,-156,0,0,"male","PPVT","Hispanic","free lunch"
118,334,1,1,"male","PPVT","Missing","no free lunch"
24,2,1,1,"male","TVIP","Hispanic","free lunch"
71,272,1,1,"female","PPVT","Hispanic","free lunch"
30,-156,0,0,"female","TVIP","Hispanic","free lunch"
45,-261,0,0,"male","PPVT","Missing","no free lunch"
54,335,1,1,"female","PPVT","Hispanic","free lunch"
85,299,1,1,"male","PPVT","Missing","no free lunch"
70,49,1,1,"female","PPVT","Hispanic","free lunch"
49,-61,0,0,"male","PPVT","Hispanic","free lunch"
62,259,1,1,"male","TVIP","Hispanic","no free lunch"
63,156,1,1,"male","PPVT","Black","no free lunch"
61,316,1,1,"female","PPVT","Hispanic","free lunch"
44,87,1,1,"female","TVIP","Hispanic","missing"
77,178,1,1,"male","PPVT","White","free lunch"
41,-110,0,0,"male","PPVT","Black","free lunch"
34,-219,0,0,"female","PPVT","Hispanic","free lunch"
58,235,1,1,"female","PPVT","Hispanic","free lunch"
90,111,1,1,"female","PPVT","White","no free lunch"
53,-324,0,0,"male","PPVT","Black","free lunch"
66,-108,0,0,"male","PPVT","Black","free lunch"
92,151,1,1,"male","PPVT","Black","missing"
33,350,1,1,"female","TVIP","Hispanic","free lunch"
64,199,1,0,"male","PPVT","Black","free lunch"
53,-255,0,0,"male","PPVT","Hispanic","free lunch"
53,-204,0,0,"male","PPVT","Black","free lunch"
22,-36,0,0,"female","TVIP","Hispanic","free lunch"
37,-103,0,0,"female","TVIP","Hispanic","free lunch"
81,50,1,1,"female","PPVT","Black","missing"
64,-132,0,0,"male","PPVT","Hispanic","free lunch"
45,153,1,1,"female","PPVT","Other","free lunch"
74,311,1,1,"female","PPVT","Missing","no free lunch"
67,-202,0,0,"female","PPVT","Hispanic","no free lunch"
34,-98,0,0,"female","TVIP","Hispanic","free lunch"
57,10,1,1,"male","TVIP","Hispanic","free lunch"
62,175,1,1,"male","PPVT","Hispanic","no free lunch"
80,-2,0,0,"male","PPVT","Black","no free lunch"
69,220,1,1,"female","PPVT","Hispanic","missing"
70,-64,0,0,"female","PPVT","Other","no free lunch"
73,-261,0,0,"male","PPVT","White","missing"
58,-322,0,0,"male","PPVT","Black","free lunch"
84,251,1,1,"female","PPVT","Other","free lunch"
70,-69,0,0,"female","PPVT","Other","free lunch"
62,338,1,1,"female","PPVT","Black","free lunch"
46,119,1,1,"male","PPVT","Hispanic","missing"
80,222,1,1,"male","PPVT","Black","missing"
86,-126,0,0,"male","PPVT","Black","missing"
82,76,1,1,"male","PPVT","Black","missing"
73,-306,0,0,"female","PPVT","Missing","free lunch"
107,276,1,1,"male","PPVT","Black","no free lunch"
64,-152,0,0,"female","PPVT","Black","free lunch"
47,177,1,1,"male","PPVT","Hispanic","free lunch"
66,71,1,1,"female","PPVT","Other","free lunch"
81,270,1,1,"male","PPVT","Hispanic","free lunch"
48,-301,0,0,"female","PPVT","Hispanic","free lunch"
55,-162,0,0,"male","PPVT","Hispanic","no free lunch"
74,292,1,1,"male","PPVT","Hispanic","missing"
78,303,1,1,"male","PPVT","Hispanic","free lunch"
73,351,1,1,"male","PPVT","Hispanic","missing"
87,329,1,1,"female","PPVT","White","missing"
69,-262,0,0,"female","PPVT","Hispanic","free lunch"
72,230,1,1,"male","PPVT","Black","free lunch"
77,175,1,1,"male","PPVT","Black","free lunch"
43,-54,0,0,"male","PPVT","Hispanic","no free lunch"
80,212,1,1,"female","PPVT","White","free lunch"
72,178,1,1,"female","PPVT","Missing","free lunch"
49,-107,0,0,"female","PPVT","Hispanic","free lunch"
56,-188,0,0,"male","PPVT","Missing","no free lunch"
84,-35,0,0,"female","PPVT","White","free lunch"
52,75,1,1,"female","PPVT","Hispanic","free lunch"
73,237,1,1,"female","PPVT","Hispanic","missing"
53,147,1,1,"male","TVIP","Hispanic","free lunch"
68,-65,0,0,"male","PPVT","Hispanic","free lunch"
84,-51,0,0,"female","PPVT","White","free lunch"
80,-280,0,0,"male","PPVT","Black","no free lunch"
48,-197,0,0,"female","PPVT","Black","free lunch"
80,164,1,1,"female","PPVT","Hispanic","no free lunch"
59,104,1,1,"male","PPVT","Hispanic","free lunch"
31,-224,0,0,"female","TVIP","Hispanic","free lunch"
48,156,1,1,"female","PPVT","Missing","free lunch"
56,-182,0,0,"male","PPVT","Hispanic","missing"
66,-338,0,0,"male","PPVT","White","free lunch"
69,201,1,1,"male","PPVT","Missing","missing"
62,34,1,1,"male","PPVT","Hispanic","free lunch"
78,244,1,1,"male","PPVT","Other","free lunch"
59,239,1,1,"female","PPVT","Hispanic","free lunch"
67,314,1,1,"male","PPVT","Hispanic","free lunch"
39,-170,0,0,"female","PPVT","Hispanic","free lunch"
70,211,1,1,"male","PPVT","Black","missing"
64,200,1,1,"female","TVIP","Hispanic","free lunch"
88,257,1,1,"male","PPVT","Black","no free lunch"
72,-207,0,0,"male","PPVT","Black","free lunch"
61,-304,0,0,"female","PPVT","Black","free lunch"
47,-95,0,0,"male","PPVT","Black","free lunch"
58,-276,0,0,"male","PPVT","Other","free lunch"
61,183,1,1,"male","PPVT","Black","no free lunch"
74,126,1,0,"male","PPVT","White","no free lunch"
69,-66,0,0,"male","PPVT","Missing","no free lunch"
55,153,1,1,"female","PPVT","Black","free lunch"
22,-344,0,0,"female","TVIP","Hispanic","free lunch"
37,49,1,1,"female","TVIP","Hispanic","free lunch"
44,-128,0,0,"female","PPVT","Missing","free lunch"
70,-212,0,0,"male","PPVT","Other","free lunch"
72,329,1,1,"female","PPVT","Missing","free lunch"
84,245,1,1,"male","PPVT","White","free lunch"
62,358,1,1,"male","PPVT","Missing","free lunch"
105,276,1,1,"male","PPVT","Missing","no free lunch"
48,-331,0,0,"male","PPVT","Black","free lunch"
58,-74,0,0,"female","PPVT","Other","free lunch"
68,25,1,1,"female","PPVT","Other","free lunch"
53,-76,0,0,"male","PPVT","Hispanic","no free lunch"
62,228,1,1,"female","PPVT","Hispanic","free lunch"
63,300,1,1,"male","PPVT","Hispanic","no free lunch"
77,36,1,1,"male","PPVT","Black","no free lunch"
73,257,1,1,"female","PPVT","Hispanic","free lunch"
39,89,1,1,"male","TVIP","Hispanic","free lunch"
75,355,1,1,"female","PPVT","Hispanic","free lunch"
87,251,1,1,"female","PPVT","Black","free lunch"
53,-313,0,0,"male","PPVT","Missing","no free lunch"
86,-57,0,1,"male","PPVT","White","no free lunch"
51,-255,0,0,"male","PPVT","Black","free lunch"
59,267,1,1,"female","PPVT","Black","free lunch"
56,47,1,1,"female","PPVT","Hispanic","free lunch"
72,96,1,1,"male","PPVT","White","free lunch"
53,-287,0,0,"male","PPVT","Hispanic","missing"
61,284,1,1,"female","PPVT","Hispanic","no free lunch"
80,33,1,0,"male","PPVT","Black","missing"
39,-162,0,0,"female","PPVT","Hispanic","free lunch"
69,280,1,1,"male","PPVT","Hispanic","free lunch"
64,215,1,1,"male","PPVT","Hispanic","missing"
54,-188,0,0,"female","TVIP","Hispanic","free lunch"
63,-210,0,0,"female","PPVT","White","free lunch"
85,84,1,1,"male","PPVT","Hispanic","free lunch"
70,262,1,1,"male","PPVT","Missing","no free lunch"
77,123,1,1,"female","PPVT","Missing","free lunch"
47,10,1,1,"male","TVIP","Hispanic","missing"
55,171,1,1,"female","PPVT","Other","free lunch"
46,-342,0,0,"male","PPVT","White","missing"
42,-275,0,0,"female","PPVT","Black","free lunch"
59,-248,0,0,"male","PPVT","Missing","no free lunch"
56,-7,0,0,"male","PPVT","Black","free lunch"
56,125,1,1,"male","PPVT","Hispanic","no free lunch"
55,256,1,1,"male","PPVT","Black","free lunch"
96,249,1,1,"female","PPVT","Hispanic","free lunch"
77,295,1,1,"male","PPVT","Hispanic","no free lunch"
71,208,1,1,"male","PPVT","Hispanic","free lunch"
61,-24,0,0,"female","PPVT","Missing","no free lunch"
68,133,1,1,"male","PPVT","Missing","free lunch"
82,234,1,1,"male","PPVT","White","missing"
78,79,1,1,"male","PPVT","Hispanic","no free lunch"
64,-71,0,0,"female","PPVT","Black","free lunch"
61,-148,0,0,"female","PPVT","White","no free lunch"
40,100,1,1,"female","TVIP","Hispanic","free lunch"
97,101,1,1,"male","PPVT","Black","free lunch"
53,-299,0,0,"male","PPVT","Black","free lunch"
77,158,1,1,"male","PPVT","Black","missing"
52,120,1,1,"female","PPVT","Hispanic","free lunch"
70,-74,0,0,"male","PPVT","Hispanic","no free lunch"
47,-214,0,0,"male","PPVT","Missing","no free lunch"
33,-228,0,0,"female","PPVT","Hispanic","no free lunch"
81,186,1,1,"male","PPVT","Missing","free lunch"
58,-347,0,0,"male","PPVT","White","no free lunch"
86,189,1,1,"female","PPVT","White","free lunch"
54,-213,0,0,"male","PPVT","White","no free lunch"
45,79,1,1,"female","TVIP","Hispanic","free lunch"
61,-265,0,0,"female","PPVT","Missing","free lunch"
64,-281,0,0,"female","PPVT","White","no free lunch"
37,-267,0,0,"female","PPVT","Hispanic","free lunch"
60,174,1,1,"female","PPVT","White","no free lunch"
47,-278,0,0,"male","PPVT","Missing","no free lunch"
37,-167,0,0,"female","PPVT","Other","free lunch"
82,86,1,1,"female","PPVT","Missing","free lunch"
22,-304,0,0,"female","TVIP","Hispanic","free lunch"
71,-35,0,0,"female","PPVT","Hispanic","free lunch"
50,-236,0,0,"female","TVIP","Hispanic","no free lunch"
29,-275,0,0,"female","TVIP","Hispanic","no free lunch"
50,156,1,1,"male","PPVT","Missing","no free lunch"
54,-153,0,0,"male","PPVT","Hispanic","free lunch"
76,361,1,1,"male","PPVT","Missing","free lunch"
59,-91,0,0,"female","PPVT","Hispanic","free lunch"
61,-70,0,0,"female","PPVT","Missing","free lunch"
54,296,1,1,"female","PPVT","Hispanic","free lunch"
81,185,1,1,"male","PPVT","White","no free lunch"
55,-301,0,0,"male","PPVT","Hispanic","free lunch"
59,-44,0,0,"male","PPVT","Black","free lunch"
64,116,1,1,"female","PPVT","Hispanic","missing"
59,65,1,0,"male","PPVT","White","free lunch"
77,-271,0,0,"male","PPVT","White","no free lunch"
47,-181,0,0,"male","PPVT","Hispanic","missing"
34,-69,0,0,"female","TVIP","Hispanic","free lunch"
70,8,1,1,"female","PPVT","Hispanic","missing"
61,233,1,1,"male","PPVT","Hispanic","no free lunch"
48,8,1,1,"female","PPVT","Hispanic","free lunch"
31,-201,0,0,"male","PPVT","Hispanic","free lunch"
45,-104,0,0,"female","PPVT","Other","free lunch"
56,-153,0,0,"male","PPVT","Black","free lunch"
39,-355,0,0,"male","PPVT","Hispanic","free lunch"
34,-239,0,0,"male","TVIP","Hispanic","free lunch"
66,85,1,1,"male","PPVT","Hispanic","missing"
63,-136,0,0,"male","PPVT","Other","no free lunch"
46,352,1,1,"male","TVIP","Hispanic","missing"
68,143,1,1,"male","PPVT","Hispanic","missing"
53,297,1,1,"female","PPVT","Hispanic","free lunch"
36,-273,0,0,"female","TVIP","Hispanic","free lunch"
72,-34,0,0,"female","PPVT","Hispanic","missing"
45,-1,0,0,"male","PPVT","Hispanic","free lunch"
52,-313,0,0,"female","PPVT","Hispanic","missing"
35,-263,0,0,"male","PPVT","Hispanic","free lunch"
29,-108,0,0,"female","TVIP","Hispanic","free lunch"
20,-349,0,0,"female","TVIP","Hispanic","free lunch"
74,-313,0,0,"male","PPVT","Missing","no free lunch"
90,243,1,1,"male","PPVT","Missing","missing"
85,261,1,1,"female","PPVT","Hispanic","free lunch"
24,-340,0,0,"male","PPVT","Hispanic","free lunch"
72,-285,0,0,"male","PPVT","White","no free lunch"
